Issue Date,Tenor (days),Maturity Date,Announced Amount(EGP Mio),Submitted Amount(EGP Mio),Accepted amount(EGP Mio),Min. Yield (%),Max. Yield (%),Weighted Avg. Yield (%)
28/02/2018,28,28/03/2018,"205,000","265,750","205,000",18.120,18.250,18.240
21/02/2018,28,21/03/2018,"120,000","136,575","132,990",17.850,18.270,18.207
07/02/2018,35,14/03/2018,"120,000","162,915","120,000",19.150,19.199,19.197
31/01/2018,35,07/03/2018,"170,000","203,400","170,000",19.100,19.250,19.247
24/01/2018,28,21/02/2018,"65,000","86,510","70,000",19.170,19.265,19.257
17/01/2018,42,28/02/2018,"135,000","146,725","135,000",19.250,19.290,19.283
10/01/2018,42,21/02/2018,"40,000","59,500","45,000",19.260,19.300,19.287
03/01/2018,35,07/02/2018,"45,000","46,125","45,325",19.260,19.290,19.281
03/01/2018,49,21/02/2018,"45,000","46,025","45,550",19.260,19.310,19.296
27/12/2017,42,07/02/2018,"55,000","67,189","55,000",19.240,19.310,19.293
20/12/2017,42,31/01/2018,"135,000","137,636","137,586",19.260,19.310,19.302
13/12/2017,42,24/01/2018,"70,000","69,650","69,450",19.250,19.310,19.301
06/12/2017,42,17/01/2018,"115,000","125,840","120,000",19.260,19.310,19.301
29/11/2017,42,10/01/2018,"35,000","41,600","39,750",19.250,19.310,19.291
22/11/2017,42,03/01/2018,"80,000","86,025","83,525",19.250,19.310,19.302
15/11/2017,42,27/12/2017,"45,000","55,020","54,780",19.240,19.320,19.303
08/11/2017,42,20/12/2017,"100,000","105,305","103,875",19.250,19.320,19.310
01/11/2017,42,13/12/2017,"70,000","78,460","78,310",19.200,19.330,19.303
25/10/2017,42,06/12/2017,"90,000","115,500","102,750",19.250,19.330,19.327
18/10/2017,42,29/11/2017,"40,000","48,880","48,610",19.100,19.390,19.307
11/10/2017,42,22/11/2017,"40,000","57,250","40,300",19.250,19.390,19.350
27/09/2017,42,08/11/2017,"40,000","62,890","43,125",19.250,19.340,19.311
27/09/2017,28,25/10/2017,"40,000","38,715","38,030",19.200,19.380,19.342
20/09/2017,42,01/11/2017,"40,000","47,060","40,000",19.290,19.400,19.373
19/09/2017,29,18/10/2017,"15,000","21,017","15,317",19.190,19.380,19.343
13/09/2017,35,18/10/2017,"40,000","48,650","40,000",19.220,19.420,19.374
12/09/2017,64,15/11/2017,"50,000","89,260","70,000",19.150,19.600,19.541
06/09/2017,28,04/10/2017,"30,000","39,425","37,025",19.250,19.450,19.360
29/08/2017,29,27/09/2017,"30,000","48,170","30,000",19.430,19.550,19.547
23/08/2017,28,20/09/2017,"45,000","51,575","45,000",19.500,19.880,19.629
16/08/2017,34,19/09/2017,"15,000","25,192","15,000",19.920,20.060,20.030
09/08/2017,28,06/09/2017,"50,000","56,575","50,000",19.850,20.380,20.133
02/08/2017,112,22/11/2017,"30,000","48,625","30,000",22.000,22.220,22.205
26/07/2017,28,23/08/2017,"5,000","14,549","5,000",20.950,21.000,20.977
19/07/2017,112,08/11/2017,"40,000","53,725","53,525",22.600,22.950,22.943
18/07/2017,29,16/08/2017,"30,000","11,567","11,567",21.150,21.450,21.410
12/07/2017,112,01/11/2017,"20,000","19,175","19,025",22.500,22.950,22.911
11/07/2017,29,09/08/2017,"30,000","27,420","27,420",20.980,21.450,21.366
05/07/2017,112,25/10/2017,"30,000","44,250","43,975",20.500,20.950,20.932
04/07/2017,56,29/08/2017,"30,000","32,050","31,200",19.390,19.450,19.446
21/06/2017,112,11/10/2017,"40,000","46,150","45,000",20.500,20.950,20.925
20/06/2017,28,18/07/2017,"15,000","17,133","17,133",19.000,19.450,19.229
14/06/2017,112,04/10/2017,"45,000","39,270","39,140",20.400,20.950,20.890
13/06/2017,28,11/07/2017,"20,000","23,400","23,400",18.900,19.250,19.124
07/06/2017,27,04/07/2017,"45,000","44,635","37,200",19.000,19.250,19.143
31/05/2017,119,27/09/2017,"10,000","12,575","11,615",20.600,20.950,20.924
30/05/2017,120,27/09/2017,"30,000","18,655","18,655",19.750,20.950,20.775
24/05/2017,112,13/09/2017,"55,000","36,300","35,750",19.000,20.400,20.245
23/05/2017,210,19/12/2017,"20,000","28,525","20,000",19.000,20.470,20.285
17/05/2017,112,06/09/2017,"25,000","23,050","23,050",16.900,17.780,17.677
17/05/2017,210,13/12/2017,"35,000","30,525","30,325",17.449,18.500,18.432
03/05/2017,112,23/08/2017,"40,000","42,430","40,000",16.700,17.060,16.982
26/04/2017,210,22/11/2017,"15,000","43,525","15,000",17.000,17.450,17.404
29/03/2017,112,19/07/2017,"30,000","67,310","30,000",16.920,17.105,17.088
22/03/2017,112,12/07/2017,"10,000","26,850","10,000",16.850,17.200,17.115
15/03/2017,112,05/07/2017,"30,000","65,710","30,000",17.000,17.320,17.288
08/03/2017,28,05/04/2017,"15,000","22,850","15,000",16.050,16.650,16.544
01/03/2017,112,21/06/2017,"40,000","65,525","40,000",16.750,17.450,17.409
22/02/2017,203,13/09/2017,"40,000","52,630","40,000",17.000,17.990,17.920
15/02/2017,119,14/06/2017,"40,000","68,210","40,000",16.900,16.970,16.953
01/02/2017,112,24/05/2017,"45,000","63,890","45,000",17.330,17.500,17.477
26/01/2017,111,17/05/2017,"25,000","36,265","25,000",17.300,17.550,17.518
18/01/2017,28,15/02/2017,"15,000","15,830","15,000",16.300,16.600,16.532
11/01/2017,112,03/05/2017,"25,000","36,625","36,550",17.100,17.650,17.584
04/01/2017,28,01/02/2017,"45,000","61,000","45,000",16.250,16.580,16.533
28/12/2016,56,22/02/2017,"20,000","25,125","20,000",16.847,17.240,17.115
21/12/2016,28,18/01/2017,"25,000","32,575","25,000",16.450,16.650,16.581
07/12/2016,112,29/03/2017,"20,000","23,700","20,000",17.500,17.680,17.627
30/11/2016,57,26/01/2017,"20,000","21,320","20,000",16.950,17.250,17.191
23/11/2016,112,15/03/2017,"20,000","25,480","20,000",17.480,17.650,17.602
16/11/2016,203,07/06/2017,"20,000","28,345","20,495",17.750,18.780,18.662
15/11/2016,35,20/12/2016,"30,000","22,550","16,830",15.800,16.750,16.342
09/11/2016,210,07/06/2017,"15,000","17,150","13,300",18.000,18.850,18.588
08/11/2016,56,03/01/2017,"80,000","53,600","42,700",16.300,17.250,17.143
03/11/2016,118,01/03/2017,"50,000","40,040","38,790",15.000,17.750,17.502
26/01/2011,6,01/02/2011,"15,000","14,975","14,975",8.265,8.277,8.272
26/01/2011,14,09/02/2011,"20,000","21,540","20,000",8.29,8.315,8.309
18/01/2011,8,26/01/2011,"15,000","18,920","18,920",8.265,8.277,8.272
12/01/2011,14,26/01/2011,"30,000","30,770","30,770",8.285,8.315,8.308
11/01/2011,7,18/01/2011,"20,000","25,325","25,325",8.265,8.277,8.273
04/01/2011,7,11/01/2011,"20,000","18,250","18,250",8.265,8.277,8.272
29/12/2010,14,12/01/2011,"30,000","32,625","32,625",8.28,8.315,8.305
28/12/2010,7,04/01/2011,"25,000","20,795","20,795",8.265,8.277,8.273
21/12/2010,7,28/12/2010,"25,000","29,590","29,590",8.265,8.277,8.272
15/12/2010,14,29/12/2010,"25,000","36,380","25,000",8.28,8.313,8.305
14/12/2010,7,21/12/2010,"20,000","22,440","20,000",8.265,8.276,8.273
08/12/2010,6,14/12/2010,"25,000","24,280","24,280",8.265,8.277,8.272
01/12/2010,14,15/12/2010,"30,000","35,845","30,000",8.275,8.315,8.303
30/11/2010,8,08/12/2010,"25,000","21,990","21,990",8.265,8.277,8.272
23/11/2010,7,30/11/2010,"20,000","29,855","29,855",8.265,8.277,8.27
21/11/2010,10,01/12/2010,"30,000","33,600","29,350",8.265,8.28,8.274
14/11/2010,9,23/11/2010,"25,000","20,925","20,625",8.265,8.277,8.271
09/11/2010,5,14/11/2010,"25,000","34,010","25,000",8.26,8.273,8.267
03/11/2010,18,21/11/2010,"35,000","37,675","35,000",8.3,8.317,8.311
02/11/2010,7,09/11/2010,"25,000","23,240","23,240",8.26,8.276,8.272
26/10/2010,7,02/11/2010,"20,000","24,915","20,000",8.26,8.275,8.273
20/10/2010,14,03/11/2010,"40,000","45,170","40,000",8.3,8.318,8.31
19/10/2010,7,26/10/2010,"25,000","29,075","25,000",8.26,8.277,8.274
12/10/2010,7,19/10/2010,"30,000","25,105","25,105",8.26,8.277,8.274
07/10/2010,13,20/10/2010,"35,000","44,110","44,110",8.3,8.32,8.312
05/10/2010,7,12/10/2010,"35,000","31,780","31,780",8.26,8.277,8.274
28/09/2010,7,05/10/2010,"25,000","27,775","27,775",8.26,8.277,8.274
22/09/2010,15,07/10/2010,"30,000","37,940","37,940",8.3,8.32,8.312
21/09/2010,7,28/09/2010,"30,000","29,755","29,755",8.26,8.278,8.275
14/09/2010,7,21/09/2010,"25,000","29,815","29,815",8.26,8.277,8.274
08/09/2010,14,22/09/2010,"30,000","35,760","35,760",8.3,8.32,8.311
07/09/2010,7,14/09/2010,"30,000","32,660","30,000",8.26,8.277,8.274
31/08/2010,7,07/09/2010,"30,000","29,810","29,810",8.26,8.277,8.274
25/08/2010,14,08/09/2010,"20,000","31,125","31,125",8.299,8.32,8.309
24/08/2010,7,31/08/2010,"35,000","42,095","35,000",8.26,8.277,8.275
17/08/2010,7,24/08/2010,"28,000","36,500","36,500",8.26,8.278,8.274
11/08/2010,14,25/08/2010,"20,000","24,265","24,265",8.298,8.32,8.31
10/08/2010,7,17/08/2010,"30,000","33,595","33,595",8.26,8.278,8.274
03/08/2010,7,10/08/2010,"20,000","25,465","25,465",8.26,8.277,8.274
28/07/2010,14,11/08/2010,"15,000","19,030","18,430",8.295,8.318,8.306
27/07/2010,7,03/08/2010,"20,000","19,800","19,800",8.265,8.278,8.274
20/07/2010,7,27/07/2010,"20,000","26,750","26,450",8.265,8.278,8.274
14/07/2010,14,28/07/2010,"15,000","17,915","17,915",8.289,8.318,8.304
13/07/2010,7,20/07/2010,"20,000","24,310","20,000",8.265,8.278,8.275
06/07/2010,7,13/07/2010,"20,000","14,615","14,615",8.273,8.279,8.275
30/06/2010,14,14/07/2010,"18,000","15,810","15,810",8.295,8.32,8.304
29/06/2010,7,06/07/2010,"22,000","26,610","22,000",8.265,8.28,8.275
22/06/2010,7,29/06/2010,"18,000","23,170","23,170",8.265,8.281,8.276
16/06/2010,14,30/06/2010,"15,000","18,450","18,450",8.29,8.32,8.303
15/06/2010,7,22/06/2010,"20,000","23,450","20,000",8.265,8.28,8.277
08/06/2010,7,15/06/2010,"13,505","13,505","13,505",8.265,8.282,8.276
02/06/2010,14,16/06/2010,"16,580","16,580","16,580",8.29,8.315,8.298
01/06/2010,7,08/06/2010,"15,000","24,685","15,000",8.265,8.28,8.275
25/05/2010,7,01/06/2010,"20,000","20,060","19,960",8.265,8.282,8.277
19/05/2010,14,02/06/2010,"10,000","11,860","11,860",8.275,8.31,8.288
18/05/2010,7,25/05/2010,"25,000","22,970","22,470",8.265,8.282,8.279
11/05/2010,7,18/05/2010,"20,000","24,570","24,470",8.265,8.282,8.276
04/05/2010,7,11/05/2010,"40,000","47,495","47,495",8.265,8.282,8.278
27/04/2010,7,04/05/2010,"25,000","27,935","27,835",8.265,8.282,8.276
20/04/2010,7,27/04/2010,"40,000","46,570","46,570",8.265,8.282,8.279
13/04/2010,7,20/04/2010,"40,000","35,710","35,710",8.265,8.284,8.277
06/04/2010,7,13/04/2010,"45,000","50,440","50,440",8.265,8.283,8.278
30/03/2010,7,06/04/2010,"30,000","35,150","30,000",8.265,8.281,8.275
23/03/2010,7,30/03/2010,"50,370","50,670","50,370",8.26,8.285,8.278
16/03/2010,7,23/03/2010,"40,000","44,625","44,625",8.265,8.284,8.277
09/03/2010,7,16/03/2010,"45,000","53,280","45,000",8.27,8.285,8.28
02/03/2010,7,09/03/2010,"35,000","38,750","38,750",8.265,8.29,8.278
23/02/2010,7,02/03/2010,"40,000","53,710","47,685",8.27,8.286,8.279
16/02/2010,7,23/02/2010,"35,000","36,485","36,435",8.27,8.29,8.281
09/02/2010,7,16/02/2010,"40,000","55,293","47,483",8.275,8.29,8.286
02/02/2010,7,09/02/2010,"35,000","43,510","43,510",8.275,8.294,8.286
26/01/2010,7,02/02/2010,"40,000","52,945","40,000",8.275,8.295,8.29
19/01/2010,7,26/01/2010,"40,000","43,985","43,785",8.275,8.3,8.289
12/01/2010,7,19/01/2010,"45,000","49,810","45,000",8.28,8.3,8.292
05/01/2010,7,12/01/2010,"35,000","45,850","35,870",8.29,8.305,8.302
29/12/2009,7,05/01/2010,"35,000","48,450","35,250",8.29,8.314,8.303
22/12/2009,7,29/12/2009,"35,000","44,135","35,000",8.295,8.32,8.312
15/12/2009,7,22/12/2009,"35,000","39,120","35,000",8.295,8.325,8.314
08/12/2009,7,15/12/2009,"30,000","34,630","34,430",8.29,8.325,8.309
02/12/2009,14,16/12/2009,"12,000","14,890","12,000",8.29,8.335,8.321
01/12/2009,7,08/12/2009,"25,000","34,615","32,315",8.28,8.325,8.308
24/11/2009,7,01/12/2009,"24,000","24,390","24,390",8.27,8.325,8.294
18/11/2009,14,02/12/2009,"12,000","13,970","13,970",8.28,8.315,8.3
17/11/2009,7,24/11/2009,"30,000","40,785","40,085",8.27,8.305,8.296
10/11/2009,7,17/11/2009,"18,000","22,290","21,665",8.26,8.305,8.291
08/11/2009,10,18/11/2009,"7,000","14,965","14,965",8.28,8.315,8.294
04/11/2009,4,08/11/2009,"10,000","15,720","15,720",8.26,8.3,8.28
03/11/2009,7,10/11/2009,"27,000","41,575","41,575",8.26,8.305,8.289
27/10/2009,7,03/11/2009,"25,000","26,625","26,625",8.26,8.305,8.284
21/10/2009,14,04/11/2009,"15,990","15,990","15,990",8.27,8.315,8.29
20/10/2009,7,27/10/2009,"29,875","29,875","29,875",8.26,8.298,8.282
13/10/2009,7,20/10/2009,"18,000","17,615","17,615",8.26,8.29,8.281
07/10/2009,6,13/10/2009,"23,000","17,200","17,200",8.26,8.29,8.278
07/10/2009,14,21/10/2009,"10,000","17,490","17,490",8.27,8.3,8.288
29/09/2009,8,07/10/2009,"17,000","20,880","20,680",8.26,8.29,8.279
23/09/2009,14,07/10/2009,"12,000","12,900","12,190",8.27,8.3,8.288
22/09/2009,7,29/09/2009,"23,000","24,725","24,225",8.26,8.29,8.278
15/09/2009,7,22/09/2009,"12,000","13,525","13,525",8.51,8.532,8.523
09/09/2009,14,23/09/2009,"10,000","14,310","14,310",8.52,8.54,8.532
08/09/2009,7,15/09/2009,"20,000","28,540","24,620",8.515,8.533,8.529
01/09/2009,7,08/09/2009,"20,000","18,632","18,632",8.515,8.535,8.526
26/08/2009,14,09/09/2009,"10,000","14,670","14,655",8.52,8.54,8.533
25/08/2009,7,01/09/2009,"22,000","29,790","23,795",8.51,8.534,8.528
18/08/2009,7,25/08/2009,"16,000","20,330","20,230",8.51,8.535,8.525
12/08/2009,14,26/08/2009,"12,000","15,000","12,000",8.525,8.54,8.534
11/08/2009,7,18/08/2009,"20,000","32,682","22,937",8.515,8.535,8.531
04/08/2009,7,11/08/2009,"15,000","16,640","16,340",8.51,8.54,8.527
02/08/2009,10,12/08/2009,"10,000","8,950","6,550",8.52,8.54,8.533
29/07/2009,4,02/08/2009,"15,000","17,210","15,000",9.01,9.03,9.02
28/07/2009,7,04/08/2009,"15,000","22,487","18,145",9.02,9.039,9.029
21/07/2009,7,28/07/2009,"10,000","14,345","14,345",9.018,9.04,9.03
15/07/2009,14,29/07/2009,"10,000","12,320","10,000",9.025,9.04,9.033
14/07/2009,7,21/07/2009,"12,000","15,670","14,770",9.018,9.04,9.031
07/07/2009,7,14/07/2009,"10,000","10,845","10,845",9.018,9.04,9.03
02/07/2009,13,15/07/2009,"6,000","12,620","10,820",9.025,9.04,9.033
30/06/2009,7,07/07/2009,"10,000","12,530","10,000",9.019,9.04,9.032
23/06/2009,7,30/06/2009,"8,000","5,015","5,015",9.015,9.04,9.024
21/06/2009,11,02/07/2009,"3,000","9,350","8,850",9.02,9.04,9.026
17/06/2009,4,21/06/2009,"5,000","15,995","7,950",9.507,9.51,9.51
16/06/2009,7,23/06/2009,"10,000","18,107","10,000",9.51,9.53,9.524
09/06/2009,7,16/06/2009,"8,000","11,900","11,900",9.52,9.54,9.528
03/06/2009,14,17/06/2009,"4,000","6,820","6,210",9.52,9.55,9.539
02/06/2009,7,09/06/2009,"10,000","15,230","14,730",9.515,9.54,9.531
26/05/2009,7,02/06/2009,"12,000","10,525","9,175",9.515,9.54,9.527
20/05/2009,14,03/06/2009,"7,000","10,230","7,000",9.539,9.55,9.544
19/05/2009,7,26/05/2009,"12,000","17,600","13,350",9.52,9.54,9.532
17/05/2009,3,20/05/2009,"4,000","4,290","4,290",9.51,9.53,9.522
12/05/2009,7,19/05/2009,"12,000","18,080","12,000",10.01,10.03,10.028
06/05/2009,11,17/05/2009,"5,000","14,030","7,100",10.02,10.04,10.031
05/05/2009,7,12/05/2009,"14,000","20,710","12,600",10.025,10.04,10.033
28/04/2009,7,05/05/2009,"18,000","17,285","17,235",10.02,10.05,10.033
22/04/2009,14,06/05/2009,"10,000","11,615","11,615",10.04,10.07,10.06
21/04/2009,7,28/04/2009,"23,000","24,650","24,450",10.025,10.05,10.038
14/04/2009,7,21/04/2009,"15,000","18,750","18,650",10.02,10.05,10.033
08/04/2009,14,22/04/2009,"10,000","13,500","13,300",10.035,10.07,10.058
07/04/2009,7,14/04/2009,"25,000","29,910","25,000",10.02,10.05,10.039
31/03/2009,7,07/04/2009,"17,000","21,350","20,100",10.02,10.05,10.037
29/03/2009,10,08/04/2009,"8,000","9,865","8,050",10.03,10.06,10.046
25/03/2009,4,29/03/2009,"12,000","19,590","16,040",10.51,10.53,10.519
24/03/2009,7,31/03/2009,"23,000","29,510","24,670",10.52,10.549,10.538
17/03/2009,7,24/03/2009,"23,000","22,535","21,835",10.53,10.55,10.541
11/03/2009,14,25/03/2009,"8,000","13,850","10,800",10.553,10.57,10.565
10/03/2009,7,17/03/2009,"20,000","28,085","22,285",10.53,10.55,10.543
03/03/2009,7,10/03/2009,"20,000","22,800","22,300",10.53,10.56,10.54
25/02/2009,14,11/03/2009,"10,000","13,835","11,935",10.56,10.59,10.574
24/02/2009,7,03/03/2009,"20,000","29,140","23,535",10.523,10.56,10.546
19/02/2009,5,24/02/2009,"8,000","7,955","7,355",10.51,10.55,10.532
15/02/2009,9,24/02/2009,"18,000","13,975","11,625",10.52,10.58,10.54
15/02/2009,10,25/02/2009,"10,000","12,300","9,300",10.53,10.58,10.544
11/02/2009,4,15/02/2009,"18,000","24,300","18,250",11.505,11.53,11.523
10/02/2009,5,15/02/2009,"20,000","33,310","23,360",11.52,11.54,11.532
03/02/2009,7,10/02/2009,"16,000","19,800","19,500",11.53,11.57,11.552
28/01/2009,14,11/02/2009,10,"13,860","12,710",11.57,11.6,11.591
27/01/2009,7,03/02/2009,"18,000","26,415","20,490",11.55,11.57,11.565
20/01/2009,7,27/01/2009,"20,000","20,270","19,970",11.55,11.58,11.566
14/01/2009,14,28/01/2009,"10,000","13,850","11,300",11.569,11.62,11.603
13/01/2009,7,20/01/2009,"15,000","28,035","20,060",11.55,11.58,11.569
06/01/2009,7,13/01/2009,"20,000","19,810","19,510",11.55,11.59,11.572
31/12/2008,14,14/01/2009,"5,000","5,850","5,550",11.58,11.64,11.611
30/12/2008,7,06/01/2009,"15,000","25,900","20,840",11.55,11.59,11.574
28/12/2008,17,14/01/2009,"7,000","6,080","4,880",11.54,11.65,11.609
23/12/2008,7,30/12/2008,"18,000","21,802","20,052",11.51,11.59,11.576
17/12/2008,11,28/12/2008,"10,000","14,435","10,485",11.57,11.63,11.615
16/12/2008,7,23/12/2008,"15,000","26,337","19,387",11.57,11.61,11.601
10/12/2008,6,16/12/2008,"15,000","18,480","15,110",11.6,11.64,11.619
03/12/2008,14,17/12/2008,"8,000","10,350","8,000",11.64,11.73,11.689
02/12/2008,8,10/12/2008,"14,000","24,926","20,476",11.59,11.68,11.642
25/11/2008,7,02/12/2008,"12,000","15,551","14,141",11.64,11.7,11.681
19/11/2008,14,03/12/2008,"10,000","12,545","9,895",11.7,11.78,11.745
18/11/2008,7,25/11/2008,"8,000","21,141","10,510",11.68,11.74,11.718
11/11/2008,7,18/11/2008,"8,000","11,919","7,819",11.7,11.78,11.737
05/11/2008,14,19/11/2008,"4,000","7,050","5,550",11.68,11.85,11.79
04/11/2008,7,11/11/2008,"4,000","14,020","10,340",11.7,11.8,11.742
28/10/2008,7,04/11/2008,"5,000","9,005","5,150",11.75,11.85,11.795
22/10/2008,14,05/11/2008,"4,000","8,550","5,150",11.87,11.92,11.891
21/10/2008,7,28/10/2008,"15,000","19,435","12,325",11.84,11.89,11.876
14/10/2008,7,21/10/2008,"20,000","16,765","16,765",11.84,11.9,11.883
13/10/2008,8,21/10/2008,"1,500","4,025","3,800",11.87,11.9,11.891
13/10/2008,15,28/10/2008,"1,500","2,525","1,500",11.92,11.97,11.961
08/10/2008,14,22/10/2008,"2,000","1,900",700,11.89,11.97,11.927
08/10/2008,20,28/10/2008,"2,000","1,360",630,11.95,12.05,11.992
08/10/2008,28,05/11/2008,"2,000","3,560","1,400",12.08,12.1,12.096
07/10/2008,7,14/10/2008,"25,000","21,885","21,635",11.85,11.9,11.889
29/09/2008,8,07/10/2008,"25,000","21,110","21,110",11.8,11.9,11.882
24/09/2008,28,22/10/2008,"3,000","7,710","7,350",12,12.15,12.102
24/09/2008,56,19/11/2008,"3,000","1,900","1,900",12.15,12.28,12.208
23/09/2008,6,29/09/2008,"20,000","24,400","24,400",11.75,11.9,11.87
16/09/2008,7,23/09/2008,"15,000","17,760","16,960",11.37,11.4,11.392
10/09/2008,70,19/11/2008,"1,000","1,450","1,200",11.74,11.788,11.754
10/09/2008,98,17/12/2008,"1,000",115,60,11.9,11.94,11.937
09/09/2008,7,16/09/2008,"15,000","28,303","28,103",11.37,11.4,11.39
02/09/2008,7,09/09/2008,"15,000","20,999","20,979",11.35,11.4,11.388
27/08/2008,28,24/09/2008,"3,000","8,515","7,740",11.4,11.65,11.568
27/08/2008,126,31/12/2008,"1,000",390,290,11.89,11.995,11.956
26/08/2008,7,02/09/2008,"15,000","32,474","26,074",11.36,11.4,11.389
19/08/2008,7,26/08/2008,"15,000","28,663","28,288",11.3,11.4,11.38
13/08/2008,42,24/09/2008,"8,000","9,050","6,840",11.55,11.72,11.684
13/08/2008,70,22/10/2008,"3,000",530,530,11.72,11.79,11.764
13/08/2008,126,17/12/2008,"1,000","1,340","1,240",11.84,11.94,11.867
12/08/2008,7,19/08/2008,"15,000","26,997","24,477",11.229,11.4,11.353
05/08/2008,7,12/08/2008,"10,000","21,087","20,787",10.8,10.9,10.853
04/08/2008,23,27/08/2008,"5,000","2,720","1,885",10.98,11.1,11.081
04/08/2008,51,24/09/2008,"1,500",750,625,11.2,11.25,11.227
30/07/2008,42,10/09/2008,"2,000","7,445","6,395",11.1,11.22,11.169
30/07/2008,70,08/10/2008,"2,000","2,390","1,810",11.19,11.28,11.253
30/07/2008,98,05/11/2008,"1,000","1,400","1,360",11.3,11.35,11.33
29/07/2008,7,05/08/2008,"10,000","26,605","25,585",10.8,10.88,10.857
24/07/2008,34,27/08/2008,"1,000",690,640,11,11.19,11.142
24/07/2008,62,24/09/2008,"1,000",320,280,11.21,11.25,11.242
24/07/2008,90,22/10/2008,"1,000",376,376,11.28,11.35,11.312
22/07/2008,7,29/07/2008,"10,000","18,133","18,133",10.7,10.88,10.848
21/07/2008,37,27/08/2008,"2,000","5,100","4,850",11,11.19,11.121
21/07/2008,51,10/09/2008,"2,000","2,085","1,350",11.07,11.22,11.192
21/07/2008,93,22/10/2008,"1,000",900,665,11.13,11.35,11.301
16/07/2008,28,13/08/2008,"2,000","5,383","4,978",10.95,11.1,11.041
16/07/2008,70,24/09/2008,"2,000","1,680","1,464",11.15,11.28,11.234
16/07/2008,112,05/11/2008,"1,000","1,747","1,419",11.3,11.4,11.348
15/07/2008,7,22/07/2008,"10,000","22,213","22,213",10.65,10.88,10.822
08/07/2008,7,15/07/2008,"10,000","16,054","16,054",10.625,10.88,10.791
02/07/2008,28,30/07/2008,"4,000","18,410","18,385",10.85,11.09,10.948
02/07/2008,84,24/09/2008,"2,000","1,745","1,395",11.1,11.3,11.206
02/07/2008,168,17/12/2008,"1,000",550,500,11.4,11.5,11.462
29/06/2008,9,08/07/2008,"10,000","13,280","13,280",10.7,10.84,10.764
29/06/2008,45,13/08/2008,"2,000","5,590","5,590",10.77,11.09,10.887
29/06/2008,115,22/10/2008,"2,000",625,625,11.24,11.3,11.285
29/06/2008,213,28/01/2009,"2,000",400,400,11.5,11.69,11.532
24/06/2008,5,29/06/2008,"10,000","18,475","17,825",10.18,10.295,10.247
18/06/2008,11,29/06/2008,"6,000","12,180","11,730",10.25,10.34,10.308
17/06/2008,7,24/06/2008,"10,000","23,233","20,000",10.2,10.29,10.267
15/06/2008,14,29/06/2008,"3,000","4,453","3,220",10.25,10.34,10.318
10/06/2008,7,17/06/2008,"10,000","14,424","14,324",10.2,10.295,10.262
08/06/2008,21,29/06/2008,"2,000","7,160","5,250",10.24,10.37,10.328
04/06/2008,42,16/07/2008,"2,000","4,210","2,300",10.35,10.4,10.384
04/06/2008,70,13/08/2008,"2,000",500,200,10.53,10.55,10.535
03/06/2008,7,10/06/2008,"10,000","22,778","20,328",10.15,10.295,10.234
28/05/2008,21,18/06/2008,"2,000","2,305","2,055",10.26,10.37,10.325
27/05/2008,7,03/06/2008,"10,000","17,978","17,778",10.1,10.25,10.208
22/05/2008,41,02/07/2008,"2,000","5,620","2,715",10.3,10.4,10.373
22/05/2008,279,25/02/2009,"2,000",430,330,10.8,10.9,10.872
21/05/2008,140,08/10/2008,"2,000","3,925","2,650",10.63,10.74,10.685
21/05/2008,336,22/04/2009,"2,000",750,500,10.79,11,10.925
20/05/2008,7,27/05/2008,"10,000","18,513","18,513",10.07,10.25,10.145
15/05/2008,20,04/06/2008,"3,000","2,890","2,640",10.18,10.3,10.237
14/05/2008,63,16/07/2008,"2,000","2,770","2,310",10.25,10.5,10.384
14/05/2008,133,24/09/2008,"2,000","1,100",750,10.62,10.72,10.677
13/05/2008,7,20/05/2008,"10,000","23,455","19,155",10.03,10.17,10.124
11/05/2008,108,27/08/2008,"2,000","2,900","2,075",10.395,10.699,10.615
11/05/2008,220,17/12/2008,"2,000",585,215,10.5,10.8,10.771
07/05/2008,5,12/05/2008,"10,000","9,180","7,180",9.54,9.7,9.616
07/05/2008,14,21/05/2008,"2,000","1,950","1,950",9.65,9.82,9.707
06/05/2008,7,13/05/2008,"10,000","13,820","11,050",9.56,9.65,9.608
30/04/2008,5,05/05/2008,"2,000","3,925","3,900",9.55,9.65,9.603
30/04/2008,14,14/05/2008,"2,000",510,450,9.6,9.72,9.636
29/04/2008,7,06/05/2008,"10,000","18,180","17,850",9.55,9.65,9.614
23/04/2008,42,04/06/2008,"2,000","5,230","3,080",9.799,9.9,9.853
23/04/2008,168,08/10/2008,"2,000","1,205","1,040",10.1,10.24,10.175
22/04/2008,7,29/04/2008,"10,000","21,880","20,000",9.54,9.65,9.608
16/04/2008,28,14/05/2008,"2,000","2,970","2,000",9.65,9.845,9.802
15/04/2008,7,22/04/2008,"10,000","21,270","21,020",9.54,9.65,9.597
15/04/2008,134,27/08/2008,"5,000","2,320","1,705",10.05,10.2,10.162
10/04/2008,83,02/07/2008,"2,000","3,670","2,570",9.85,10.1,9.971
10/04/2008,265,31/12/2008,"2,000","1,420",820,10.23,10.5,10.425
10/04/2008,377,22/04/2009,"2,000","1,865",115,10.49,10.59,10.541
09/04/2008,56,04/06/2008,"2,000","5,615","2,000",9.78,9.88,9.811
09/04/2008,168,24/09/2008,"2,000","3,210","1,340",10.04,10.19,10.108
09/04/2008,336,11/03/2009,"2,000","2,975","1,845",10.35,10.5,10.427
08/04/2008,7,15/04/2008,"10,000","20,300","10,000",9.54,9.62,9.596
03/04/2008,34,07/05/2008,"10,000","4,165","2,315",9.75,9.85,9.806
02/04/2008,245,03/12/2008,"2,000","4,690","4,690",10.18,10.44,10.251
01/04/2008,7,08/04/2008,"10,000","20,230","10,000",9.53,9.65,9.603
30/03/2008,108,16/07/2008,"2,000","5,095","1,565",9.85,9.99,9.922
30/03/2008,206,22/10/2008,"2,000","2,435","1,080",10.17,10.22,10.194
30/03/2008,360,25/03/2009,"2,000","2,040",525,10.24,10.45,10.398
25/03/2008,7,01/04/2008,"10,000","10,855","10,000",9.53,9.7,9.593
18/03/2008,7,25/03/2008,"10,000","12,500","10,000",9.04,9.067,9.053
16/03/2008,94,18/06/2008,"6,000","5,885","3,400",9.35,9.45,9.386
12/03/2008,112,02/07/2008,"2,000","4,050","2,660",9.3,9.5,9.434
12/03/2008,266,03/12/2008,"2,000","1,385",275,9.6,9.7,9.685
12/03/2008,364,11/03/2009,"2,000","1,450",225,9.78,9.8,9.793
11/03/2008,7,18/03/2008,"10,000","13,280","10,000",9.04,9.07,9.053
05/03/2008,189,10/09/2008,"1,500","1,810","1,500",9.54,9.6,9.567
05/03/2008,329,28/01/2009,"1,500",790,475,9.75,9.8,9.773
04/03/2008,7,11/03/2008,"10,000","13,355","10,000",9.03,9.069,9.051
02/03/2008,14,16/03/2008,"8,000","7,550","5,640",9.04,9.1,9.068
27/02/2008,56,23/04/2008,"3,000","3,865","3,000",9.15,9.4,9.311
27/02/2008,196,10/09/2008,"4,000","2,065","1,570",9.35,9.6,9.455
27/02/2008,364,25/02/2009,"3,000","2,310","1,440",9.6,9.85,9.702
26/02/2008,7,04/03/2008,"10,000","15,535","10,000",9.04,9.08,9.066
24/02/2008,45,09/04/2008,"4,000","3,085","2,475",9.35,9.4,9.382
24/02/2008,171,13/08/2008,"4,000",910,685,9.5,9.6,9.544
24/02/2008,353,11/02/2009,"4,000",820,450,9.73,9.85,9.816
20/02/2008,11,02/03/2008,"10,000","13,312","10,000",9.03,9.115,9.076
20/02/2008,273,19/11/2008,"5,000","1,588","1,308",9.67,9.75,9.708
19/02/2008,7,26/02/2008,"10,000","21,763","10,000",9.049,9.09,9.073
17/02/2008,38,26/03/2008,"3,000","3,150","2,500",9.1,9.39,9.203
17/02/2008,346,28/01/2009,"4,000",430,430,9.6,9.85,9.766
13/02/2008,140,02/07/2008,"3,000","1,290","1,290",9.12,9.5,9.256
13/02/2008,252,22/10/2008,"3,000",660,660,9.32,9.69,9.519
13/02/2008,378,25/02/2009,"3,000","2,225","2,125",9.4,9.79,9.744
12/02/2008,7,19/02/2008,"10,000","9,974","9,974",9.02,9.15,9.057
07/02/2008,203,28/08/2008,"4,000","1,040",650,9.1,9.265,9.175
06/02/2008,105,21/05/2008,"3,000","3,590","3,540",8.92,9.1,9.059
06/02/2008,371,11/02/2009,"5,000","4,723","3,923",9.29,9.35,9.337
05/02/2008,7,12/02/2008,"10,000","10,025","9,575",8.755,8.82,8.776
31/01/2008,125,04/06/2008,"3,000",460,460,8.92,9.1,9.065
31/01/2008,279,05/11/2008,"3,000","1,965",965,9.07,9.3,9.266
30/01/2008,56,26/03/2008,"3,000","2,325","1,525",8.84,8.94,8.87
30/01/2008,168,16/07/2008,"3,000","2,700","2,300",9,9.125,9.054
30/01/2008,350,14/01/2009,"4,000","6,225","5,625",9.1,9.35,9.285
29/01/2008,7,05/02/2008,"10,000","6,045","6,045",8.755,8.81,8.772
22/01/2008,7,29/01/2008,"10,000","9,228","9,228",8.755,8.82,8.766
17/01/2008,27,13/02/2008,"3,000","1,700","1,425",7.84,8.85,8.618
17/01/2008,125,21/05/2008,"3,000",350,350,9.01,9.099,9.073
16/01/2008,56,12/03/2008,"3,000","4,630","3,280",8.77,8.9,8.858
16/01/2008,140,04/06/2008,"3,000","2,955","2,105",8.85,9.1,9.065
16/01/2008,336,17/12/2008,"3,000","4,505","3,605",9.2,9.35,9.327
15/01/2008,7,22/01/2008,"10,000","16,931","10,000",8.755,8.774,8.765
10/01/2008,104,23/04/2008,"3,000",985,985,8.95,9.1,9.06
10/01/2008,230,27/08/2008,"4,000",365,365,9.27,9.3,9.286
10/01/2008,328,03/12/2008,"3,000",475,475,9.339,9.35,9.348
08/01/2008,7,15/01/2008,10,"8,316","8,316",8.755,8.8,8.776
03/01/2008,139,21/05/2008,"3,500","1,245","1,175",9,9.1,9.071
03/01/2008,237,27/08/2008,"3,500",680,530,9.25,9.3,9.277
02/01/2008,6,08/01/2008,"10,000","13,706","10,000",8.755,8.794,8.77
02/01/2008,322,19/11/2008,"3,000","2,355","2,345",9.2,9.35,9.335
26/12/2007,119,23/04/2008,"3,000","2,070","1,415",8.9,9.1,9.089
26/12/2007,329,19/11/2008,"3,000",995,880,9.2,9.35,9.331
25/12/2007,8,02/01/2008,"10,000","9,431","6,601",8.755,8.81,8.787
16/12/2007,9,25/12/2007,"5,000","1,783","1,783",8.755,8.84,8.803
16/12/2007,101,26/03/2008,"3,000","2,401","2,301",8.97,9.1,9.052
16/12/2007,325,05/11/2008,"3,000","1,841","1,841",9.29,9.35,9.321
11/12/2007,14,25/12/2007,"10,000","4,292","4,292",8.753,8.86,8.769
05/12/2007,28,02/01/2008,"4,000","4,325","2,075",8.765,8.85,8.805
05/12/2007,280,10/09/2008,"3,500","2,683","2,283",9.2,9.3,9.272
05/12/2007,350,19/11/2008,"4,000","2,453","1,903",9.25,9.35,9.311
04/12/2007,7,11/12/2007,"10,000","11,807","10,000",8.752,8.76,8.758
28/11/2007,105,12/03/2008,"3,000","1,260","1,185",9,9.1,9.049
28/11/2007,231,16/07/2008,"3,000",678,653,9.2,9.3,9.23
28/11/2007,343,05/11/2008,"3,000",678,478,9.3,9.35,9.332
27/11/2007,7,04/12/2007,"10,000","10,982","10,000",8.754,8.762,8.76
21/11/2007,42,02/01/2008,"4,000","1,465","1,375",8.785,8.9,8.82
21/11/2007,154,23/04/2008,"3,000","1,355",975,9.08,9.1,9.094
21/11/2007,350,05/11/2008,"4,000","1,311","1,291",9.3,9.35,9.34
20/11/2007,7,27/11/2007,"10,000","10,677","10,000",8.755,8.765,8.761
14/11/2007,21,05/12/2007,"4,000","3,375","1,160",8.775,8.8,8.792
14/11/2007,133,26/03/2008,"5,000","1,895","1,270",9.05,9.1,9.089
14/11/2007,357,05/11/2008,"5,000","1,650","1,200",9.27,9.35,9.334
13/11/2007,7,20/11/2007,"10,000","13,174","10,000",8.755,8.765,8.76
07/11/2007,112,27/02/2008,"5,000","3,965","3,840",8.95,9.1,9.049
07/11/2007,196,21/05/2008,"5,000","3,366","2,936",9.1,9.25,9.202
07/11/2007,350,22/10/2008,"5,000","3,692","3,157",9.23,9.35,9.312
06/11/2007,7,13/11/2007,"10,000","14,814","10,000",8.75,8.765,8.76
04/11/2007,87,30/01/2008,"5,000","2,779","1,499",8.8,9,8.985
04/11/2007,129,12/03/2008,"5,000","2,779",954,9.04,9.1,9.08
30/10/2007,7,06/11/2007,"10,000","13,938","10,000",8.755,8.768,8.762
29/10/2007,149,26/03/2008,"5,000","1,495","1,195",9.05,9.12,9.081
29/10/2007,219,04/06/2008,"3,000","1,780","1,405",9.15,9.27,9.222
25/10/2007,223,04/06/2008,"3,500","1,600","1,290",9.15,9.27,9.203
24/10/2007,280,30/07/2008,"5,000","3,693","3,393",9.17,9.3,9.26
24/10/2007,350,08/10/2008,"5,000","4,788","4,073",9.25,9.35,9.312
23/10/2007,7,30/10/2007,"10,000","16,983","10,000",8.76,8.774,8.767
16/10/2007,7,23/10/2007,"10,000","10,518","10,000",8.755,8.78,8.772
10/10/2007,154,12/03/2008,"2,000","2,875","1,950",8.96,9.12,9.094
10/10/2007,280,16/07/2008,"2,500","3,645","2,500",9.1,9.29,9.272
09/10/2007,7,16/10/2007,"10,000","13,270","10,000",8.76,8.78,8.772
03/10/2007,301,30/07/2008,"2,000","3,485","2,000",9.21,9.3,9.274
02/10/2007,7,09/10/2007,"10,000","9,543","9,088",8.755,8.8,8.774
26/09/2007,140,13/02/2008,"3,000","3,225","3,000",8.8,9.12,9.056
26/09/2007,322,13/08/2008,"3,000","2,995","2,380",9.15,9.3,9.268
25/09/2007,7,02/10/2007,"10,000","15,673","10,000",8.76,8.78,8.77
19/09/2007,161,27/02/2008,"2,000","1,465","1,240",8.97,9.12,9.07
19/09/2007,329,13/08/2008,"2,000","3,140","2,285",9.17,9.3,9.268
18/09/2007,7,25/09/2007,"10,000","8,959","8,959",8.752,8.8,8.769
12/09/2007,168,27/02/2008,"2,000","2,250","1,960",9,9.12,9.068
12/09/2007,280,18/06/2008,"2,500","2,760","2,500",9.18,9.3,9.252
11/09/2007,7,18/09/2007,"10,000","12,194","10,000",8.76,8.78,8.773
05/09/2007,287,18/06/2008,"3,000","2,580","2,460",9.12,9.3,9.2
04/09/2007,7,11/09/2007,"10,000","13,949","10,000",8.76,8.795,8.781
30/08/2007,160,06/02/2008,"2,500","3,755","2,500",9.05,9.1,9.072
29/08/2007,161,06/02/2008,"2,500","5,740","2,500",9.05,9.12,9.084
28/08/2007,7,04/09/2007,"10,000","16,506","10,000",8.78,8.81,8.804
22/08/2007,8,30/08/2007,"6,400","7,152","6,400",8.79,8.83,8.812
21/08/2007,7,28/08/2007,"10,000","13,749","10,000",8.779,8.83,8.817
14/08/2007,7,21/08/2007,"10,000","15,159","10,000",7.83,8.85,8.751
08/08/2007,175,30/01/2008,"2,000","3,297","2,162",9,9.2,9.148
08/08/2007,259,23/04/2008,"2,000",875,585,9.2,9.3,9.278
08/08/2007,329,02/07/2008,"2,000",898,698,9.3,9.36,9.338
07/08/2007,7,14/08/2007,"10,000","11,988","10,000",8.81,8.87,8.845
06/08/2007,163,16/01/2008,"2,000","1,743","1,694",9.05,9.2,9.143
06/08/2007,331,02/07/2008,"2,000","1,670","1,575",9.29,9.36,9.34
01/08/2007,98,07/11/2007,"2,000","2,478","1,128",8.94,9.05,9.003
01/08/2007,280,07/05/2008,"2,000","2,138",653,9.27,9.3,9.288
01/08/2007,336,02/07/2008,"2,000","2,174","1,019",9.31,9.36,9.345
31/07/2007,7,07/08/2007,"10,000","14,151","10,000",8.79,8.87,8.834
26/07/2007,104,07/11/2007,"1,500","2,205","1,500",8.92,9.1,9.029
26/07/2007,328,18/06/2008,"1,500","1,860","1,155",9.32,9.37,9.353
25/07/2007,133,05/12/2007,"2,000","3,453","2,000",9.05,9.15,9.118
25/07/2007,287,07/05/2008,"2,000","2,361","1,826",9.25,9.35,9.319
25/07/2007,329,18/06/2008,"2,000","3,051",460,9.3,9.37,9.337
24/07/2007,7,31/07/2007,"10,000","15,827","10,000",8.79,8.87,8.837
18/07/2007,28,15/08/2007,"2,000","5,930","2,000",8.88,8.95,8.916
18/07/2007,126,21/11/2007,"3,000","4,490","3,000",9,9.19,9.131
18/07/2007,294,07/05/2008,"3,000","4,290","2,835",9.15,9.37,9.304
17/07/2007,7,24/07/2007,"10,000","19,126","10,000",8.8,8.93,8.873
11/07/2007,287,23/04/2008,"3,000","3,725","2,000",9.24,9.37,9.327
10/07/2007,7,17/07/2007,"10,000","10,321","9,991",8.79,8.99,8.873
08/07/2007,276,09/04/2008,"3,000","5,180","3,000",9.2,9.35,9.279
04/07/2007,35,08/08/2007,"2,500","2,531","1,516",8.9,9.08,8.979
04/07/2007,280,09/04/2008,"2,500","7,800","2,500",9.18,9.395,9.323
03/07/2007,7,10/07/2007,"10,000","16,030","10,000",8.79,8.9,8.84
27/06/2007,42,08/08/2007,"2,500","1,480","1,250",8.98,9.08,9.04
27/06/2007,63,29/08/2007,"2,500","1,760","1,510",8.9,9.12,9.049
26/06/2007,7,03/07/2007,"10,000","9,903","9,903",8.79,9,8.819
20/06/2007,35,25/07/2007,"3,000","3,338","3,000",8.8,9.08,8.968
20/06/2007,63,22/08/2007,"3,000","6,768","3,000",8.85,9,8.986
19/06/2007,7,26/06/2007,"10,000","13,506","10,000",8.79,8.84,8.803
13/06/2007,28,11/07/2007,"3,000","3,266","3,000",8.88,9.09,8.956
13/06/2007,56,08/08/2007,"3,500","4,683","2,500",8.95,9.1,9.049
12/06/2007,7,19/06/2007,"10,000","14,830","10,000",8.78,8.899,8.848
06/06/2007,21,27/06/2007,"2,500","2,131","1,456",8.95,9.05,9
06/06/2007,70,15/08/2007,"2,500","4,869","2,141",9.09,9.2,9.157
05/06/2007,7,12/06/2007,"10,000","8,602","8,602",8.79,9,8.85
30/05/2007,14,13/06/2007,"3,000","5,502","3,000",8.89,8.92,8.901
29/05/2007,7,05/06/2007,"10,000","14,203","10,000",8.75,8.92,8.872
23/05/2007,28,20/06/2007,"1,500","3,746","1,500",8.92,9.1,9.023
22/05/2007,7,29/05/2007,"10,000","12,935","10,000",8.875,8.98,8.951
15/05/2007,7,22/05/2007,"10,000","8,935","8,240",8.79,9,8.902
09/05/2007,182,07/11/2007,"1,000","2,766","1,000",9.625,9.85,9.773
09/05/2007,280,13/02/2008,"2,000","4,120","2,000",9.74,9.9,9.813
08/05/2007,7,15/05/2007,"10,000","10,551","8,981",8.74,9,8.88
06/05/2007,185,07/11/2007,"3,000","1,095","1,095",9.8,9.98,9.859
02/05/2007,6,08/05/2007,"10,000","4,888","4,068",8.75,9,8.885
02/05/2007,280,06/02/2008,"2,500","2,167","1,912",9.85,10,9.933
26/04/2007,195,07/11/2007,"2,500","1,227","1,027",9.84,10,9.912
26/04/2007,286,06/02/2008,"2,500","1,545","1,320",9.94,10.09,9.997
24/04/2007,183,24/10/2007,"2,000","1,775","1,775",9.35,10,9.84
24/04/2007,281,30/01/2008,"2,000","2,874","2,000",9.8,10.09,10.016
22/04/2007,185,24/10/2007,"1,500","1,120",670,9.8,10,9.95
22/04/2007,227,05/12/2007,"1,500","2,715","1,500",9.85,10.1,10.03
18/04/2007,189,24/10/2007,"1,500","2,685","1,500",10,10.1,10.038
18/04/2007,245,19/12/2007,"1,500","4,077","1,500",10.15,10.33,10.26
15/04/2007,192,24/10/2007,"1,500","2,620","1,500",10.05,10.23,10.165
15/04/2007,248,19/12/2007,"1,500","3,104","1,500",10.35,10.49,10.442
11/04/2007,196,24/10/2007,"1,000","4,065","1,000",10.25,10.28,10.271
11/04/2007,280,16/01/2008,"3,000","3,525","3,000",10.48,10.6,10.548
04/04/2007,147,29/08/2007,"1,000","2,383","1,000",10.24,10.38,10.317
04/04/2007,273,02/01/2008,"1,305","1,305","1,305",10.48,10.6,10.556
02/04/2007,275,02/01/2008,"1,500","3,203","1,500",10.55,10.61,10.589
28/03/2007,140,15/08/2007,"2,000","3,605","2,000",10.3,10.45,10.401
28/03/2007,280,02/01/2008,"4,000","3,280","1,465",10.5,10.65,10.619
14/03/2007,140,01/08/2007,"2,300","2,445","2,300",10.3,10.5,10.436
14/03/2007,280,19/12/2007,"3,000","3,415","3,000",10.45,10.7,10.612
05/03/2007,135,18/07/2007,"2,000","2,415","2,000",10.35,10.5,10.423
05/03/2007,275,05/12/2007,"2,000","2,175","1,555",10.6,10.7,10.673
28/02/2007,70,09/05/2007,"3,000","4,301","3,000",10.1,10.33,10.252
28/02/2007,140,18/07/2007,"3,800","3,370","2,900",10.2,10.5,10.405
28/02/2007,280,05/12/2007,"4,000","3,069","1,921",10.4,10.7,10.648
21/02/2007,147,18/07/2007,"5,000","4,430","3,593",10.3,10.55,10.481
21/02/2007,273,21/11/2007,"2,500","2,315","1,770",10.45,10.73,10.658
19/02/2007,51,11/04/2007,"4,000","4,605","3,630",10,10.44,10.312
14/02/2007,140,04/07/2007,"3,500","3,546","2,956",10.4,10.6,10.539
14/02/2007,280,21/11/2007,"8,000","2,940","1,960",10.05,10.75,10.6
07/02/2007,5,12/02/2007,"7,500","5,635","5,550",9,9.69,9.364
07/02/2007,49,28/03/2007,"2,000","1,672","1,372",9.95,10.49,10.319
07/02/2007,133,20/06/2007,"2,000","1,603","1,303",10.15,10.6,10.434
01/02/2007,55,28/03/2007,"5,200",750,750,10.1,10.39,10.315
01/02/2007,139,20/06/2007,"1,700",235,205,10.2,10.549,10.446
31/01/2007,56,28/03/2007,"5,000","2,790","2,660",10,10.35,10.158
31/01/2007,140,20/06/2007,"5,800","1,665","1,615",10.14,10.55,10.376
