Date,Tenor (days),Maturity Date,Deposits Amount (EGP Mio),Submitted Amount(EGP Mio),Accepted amount(EGP Mio),Fixed Rate (%)
18/08/2026,7,25/08/2026,0,"67,205","67,205",19.50
11/08/2026,7,18/08/2026,0,"177,400","177,400",19.50
04/08/2026,7,11/08/2026,0,"23,250","23,250",19.50
28/07/2026,7,04/08/2026,0,"55,150","55,150",19.50
21/07/2026,7,28/07/2026,0,"22,000","22,000",19.50
14/07/2026,7,21/07/2026,0,"13,900","13,900",19.50
07/07/2026,7,14/07/2026,0,"30,000","30,000",19.50
30/06/2026,7,07/07/2026,0,"30,100","30,100",19.50
23/06/2026,7,30/06/2026,0,"12,000","12,000",19.50
16/06/2026,7,23/06/2026,0,"12,350","12,350",19.50
09/06/2026,7,16/06/2026,0,"13,500","13,500",19.50
02/06/2026,7,09/06/2026,0,"38,000","38,000",19.50
19/05/2026,14,02/06/2026,0,"10,100","10,100",19.50
12/05/2026,7,19/05/2026,0,"45,500","45,500",19.50
05/05/2026,7,12/05/2026,0,"41,400","41,400",19.50
28/04/2026,7,05/05/2026,0,"71,000","71,000",19.50
21/04/2026,7,28/04/2026,0,"68,950","68,950",19.50
14/04/2026,7,21/04/2026,0,"82,700","82,700",19.50
07/04/2026,7,14/04/2026,0,"58,800","58,800",19.50
31/03/2026,7,07/04/2026,0,"71,300","71,300",19.50
24/03/2026,7,31/03/2026,0,"176,850","176,850",19.50
17/03/2026,7,24/03/2026,0,"69,850","69,850",19.50
10/03/2026,7,17/03/2026,0,"64,600","64,600",19.50
03/03/2026,7,10/03/2026,0,"185,400","185,400",19.50
24/02/2026,7,03/03/2026,0,"82,200","82,200",19.50
17/02/2026,7,24/02/2026,0,"78,000","78,000",19.50
10/02/2026,7,17/02/2026,0,"78,200","78,200",20.50
03/02/2026,7,10/02/2026,0,"81,200","81,200",20.50
27/01/2026,7,03/02/2026,0,"87,350","87,350",20.50
20/01/2026,7,27/01/2026,0,"102,600","102,600",20.50
13/01/2026,7,20/01/2026,0,"91,200","91,200",20.50
06/01/2026,7,13/01/2026,0,"101,000","101,000",20.50
30/12/2025,7,06/01/2026,0,"62,900","62,900",20.50
23/12/2025,7,30/12/2025,0,"107,200","107,200",21.50
16/12/2025,7,23/12/2025,0,"126,400","126,400",21.50
09/12/2025,7,16/12/2025,0,"103,350","103,350",21.50
02/12/2025,7,09/12/2025,0,"143,500","143,500",21.50
25/11/2025,7,02/12/2025,0,"217,500","217,500",21.50
18/11/2025,7,25/11/2025,0,"157,000","157,000",21.50
11/11/2025,7,18/11/2025,0,"176,800","176,800",21.50
04/11/2025,7,11/11/2025,0,"134,800","134,800",21.50
28/10/2025,7,04/11/2025,0,"146,000","146,000",21.50
21/10/2025,7,28/10/2025,0,"277,100","277,100",21.50
14/10/2025,7,21/10/2025,0,"153,300","153,300",21.50
07/10/2025,7,14/10/2025,0,"131,600","131,600",21.50
30/09/2025,7,07/10/2025,0,"209,350","209,350",22.50
23/09/2025,7,30/09/2025,0,"238,150","238,150",22.50
16/09/2025,7,23/09/2025,0,"195,850","195,850",22.50
09/09/2025,7,16/09/2025,0,"87,430","87,430",22.50
02/09/2025,7,09/09/2025,0,"343,950","343,950",22.50
26/08/2025,7,02/09/2025,0,"226,700","226,700",24.50
19/08/2025,7,26/08/2025,0,"263,000","263,000",24.50
12/08/2025,7,19/08/2025,0,"193,600","193,600",24.50
05/08/2025,7,12/08/2025,0,"224,000","224,000",24.50
29/07/2025,7,05/08/2025,0,"154,700","154,700",24.50
22/07/2025,7,29/07/2025,0,"502,400","502,400",24.50
15/07/2025,7,22/07/2025,0,"310,400","310,400",24.50
08/07/2025,7,15/07/2025,0,"309,700","309,700",24.50
01/07/2025,7,08/07/2025,0,"331,250","331,250",24.50
24/06/2025,7,01/07/2025,0,"412,200","412,200",24.50
17/06/2025,7,24/06/2025,0,"276,100","276,100",24.50
10/06/2025,7,17/06/2025,0,"340,900","340,900",24.50
03/06/2025,7,10/06/2025,0,"188,450","188,450",24.50
27/05/2025,7,03/06/2025,0,"552,500","552,500",24.50
20/05/2025,7,27/05/2025,0,"258,700","258,700",25.50
13/05/2025,7,20/05/2025,0,"612,800","612,800",25.50
06/05/2025,7,13/05/2025,0,"256,700","256,700",25.50
29/04/2025,7,06/05/2025,0,"740,850","740,850",25.50
22/04/2025,7,29/04/2025,0,"183,700","183,700",25.50
15/04/2025,7,22/04/2025,0,"912,600","912,600",27.75
08/04/2025,7,15/04/2025,0,"787,700","787,700",27.75
25/03/2025,14,08/04/2025,0,"546,800","546,800",27.75
18/03/2025,7,25/03/2025,0,"848,100","848,100",27.75
11/03/2025,7,18/03/2025,0,"531,900","531,900",27.75
04/03/2025,7,11/03/2025,0,"919,650","919,650",27.75
25/02/2025,7,04/03/2025,0,"506,850","506,850",27.75
18/02/2025,7,25/02/2025,0,"1,051,300","1,051,300",27.75
11/02/2025,7,18/02/2025,0,"567,450","567,450",27.75
04/02/2025,7,11/02/2025,0,"967,450","967,450",27.75
28/01/2025,7,04/02/2025,0,"533,050","533,050",27.75
21/01/2025,7,28/01/2025,0,"964,400","964,400",27.75
14/01/2025,7,21/01/2025,0,"680,300","680,300",27.75
08/01/2025,6,14/01/2025,0,"1,145,850","1,145,850",27.75
31/12/2024,8,08/01/2025,0,"639,150","639,150",27.75
24/12/2024,7,31/12/2024,0,"1,219,550","1,219,550",27.75
17/12/2024,7,24/12/2024,0,"612,250","612,250",27.75
10/12/2024,7,17/12/2024,0,"1,294,450","1,294,450",27.75
03/12/2024,7,10/12/2024,0,"1,033,050","1,033,050",27.75
26/11/2024,7,03/12/2024,0,"1,135,150","1,135,150",27.75
19/11/2024,7,26/11/2024,0,"792,050","792,050",27.75
12/11/2024,7,19/11/2024,0,"1,369,600","1,369,600",27.75
05/11/2024,7,12/11/2024,0,"992,450","992,450",27.75
29/10/2024,7,05/11/2024,0,"1,133,150","1,133,150",27.75
22/10/2024,7,29/10/2024,0,"791,400","791,400",27.75
15/10/2024,7,22/10/2024,0,"1,240,100","1,240,100",27.75
08/10/2024,7,15/10/2024,0,"831,850","831,850",27.75
01/10/2024,7,08/10/2024,0,"1,111,650","1,111,650",27.75
24/09/2024,7,01/10/2024,0,"848,400","848,400",27.75
17/09/2024,7,24/09/2024,0,"1,157,600","1,157,600",27.75
10/09/2024,7,17/09/2024,0,"795,350","795,350",27.75
03/09/2024,7,10/09/2024,0,"1,210,900","1,210,900",27.75
27/08/2024,7,03/09/2024,0,"933,550","933,550",27.75
20/08/2024,7,27/08/2024,0,"1,058,000","1,058,000",27.75
13/08/2024,7,20/08/2024,0,"938,750","938,750",27.75
06/08/2024,7,13/08/2024,0,"1,249,800","1,249,800",27.75
30/07/2024,7,06/08/2024,0,"920,050","920,050",27.75
23/07/2024,7,30/07/2024,0,"947,100","947,100",27.75
16/07/2024,7,23/07/2024,0,"1,119,451","1,119,451",27.75
09/07/2024,7,16/07/2024,0,"1,249,550","1,249,550",27.75
02/07/2024,7,09/07/2024,0,"1,082,500","1,082,500",27.75
25/06/2024,7,02/07/2024,0,"1,073,100","1,073,100",27.75
11/06/2024,14,25/06/2024,0,"929,800","929,800",27.75
04/06/2024,7,11/06/2024,0,"840,650","840,650",27.75
28/05/2024,7,04/06/2024,0,"1,193,800","1,193,800",27.75
21/05/2024,7,28/05/2024,0,"872,550","872,550",27.75
14/05/2024,7,21/05/2024,0,"1,050,100","1,050,100",27.75
07/05/2024,7,14/05/2024,0,"655,600","655,600",27.75
30/04/2024,7,07/05/2024,0,"667,250","667,250",27.75
23/04/2024,7,30/04/2024,0,"460,800","460,800",27.75
16/04/2024,7,23/04/2024,"150,000","1,352,450","150,000",27.75
08/04/2024,8,16/04/2024,"150,000","751,500","150,000",27.75
02/04/2024,6,08/04/2024,"150,000","767,200","150,000",27.75
26/03/2024,7,02/04/2024,"150,000","402,000","150,000",27.75
19/03/2024,7,26/03/2024,"100,000","227,100","100,000",27.75
12/03/2024,7,19/03/2024,"150,000","163,500","150,000",27.75
05/03/2024,7,12/03/2024,"150,000","1,001,550","150,000",21.75
27/02/2024,7,05/03/2024,"150,000","1,039,640","150,000",21.75
20/02/2024,7,27/02/2024,"150,000","1,293,181","150,000",21.75
13/02/2024,7,20/02/2024,"150,000","1,380,500","150,000",21.75
06/02/2024,7,13/02/2024,"150,000","1,350,000","150,000",21.75
30/01/2024,7,06/02/2024,"150,000","906,800","150,000",19.75
23/01/2024,7,30/01/2024,"150,000","966,000","150,000",19.75
16/01/2024,7,23/01/2024,"150,000","864,150","150,000",19.75
09/01/2024,7,16/01/2024,"150,000","700,100","150,000",19.75
02/01/2024,7,09/01/2024,"150,000","397,000","150,000",19.75
26/12/2023,7,02/01/2024,"150,000","396,400","150,000",19.75
19/12/2023,7,26/12/2023,"150,000","477,500","150,000",19.75
12/12/2023,7,19/12/2023,"150,000","532,750","150,000",19.75
05/12/2023,7,12/12/2023,"150,000","292,500","150,000",19.75
28/11/2023,7,05/12/2023,"150,000","239,500","150,000",19.75
21/11/2023,7,28/11/2023,"150,000","254,550","150,000",19.75
14/11/2023,7,21/11/2023,"150,000","390,550","150,000",19.75
07/11/2023,7,14/11/2023,"150,000","324,350","150,000",19.75
31/10/2023,7,07/11/2023,"150,000","302,150","150,000",19.75
24/10/2023,7,31/10/2023,"150,000","281,950","150,000",19.75
17/10/2023,7,24/10/2023,"150,000","429,500","150,000",19.75
10/10/2023,7,17/10/2023,"150,000","332,150","150,000",19.75
03/10/2023,7,10/10/2023,"150,000","330,500","150,000",19.75
26/09/2023,7,03/10/2023,"150,000","392,500","150,000",19.75
19/09/2023,7,26/09/2023,"150,000","270,850","150,000",19.75
12/09/2023,7,19/09/2023,"150,000","396,800","150,000",19.75
05/09/2023,7,12/09/2023,"150,000","393,700","150,000",19.75
29/08/2023,7,05/09/2023,"150,000","254,300","150,000",19.75
22/08/2023,7,29/08/2023,"150,000","446,200","150,000",19.75
15/08/2023,7,22/08/2023,"150,000","459,000","150,000",19.75
08/08/2023,7,15/08/2023,"150,000","408,900","150,000",19.75
01/08/2023,7,08/08/2023,"150,000","294,600","150,000",18.75
25/07/2023,7,01/08/2023,"150,000","386,500","150,000",18.75
18/07/2023,7,25/07/2023,"150,000","422,200","150,000",18.75
11/07/2023,7,18/07/2023,"100,000","480,500","100,000",18.75
04/07/2023,7,11/07/2023,"75,000","325,000","75,000",18.75
20/06/2023,14,04/07/2023,"75,000","307,350","75,000",18.75
13/06/2023,7,20/06/2023,"75,000","489,500","75,000",18.75
06/06/2023,7,13/06/2023,"75,000","514,200","75,000",18.75
30/05/2023,7,06/06/2023,"75,000","459,750","75,000",18.75
23/05/2023,7,30/05/2023,"75,000","406,000","75,000",18.75
16/05/2023,7,23/05/2023,"75,000","283,000","75,000",18.75
09/05/2023,7,16/05/2023,"75,000","303,250","75,000",18.75
02/05/2023,7,09/05/2023,"75,000","523,600","75,000",18.75
26/04/2023,6,02/05/2023,"75,000","524,750","75,000",18.75
18/04/2023,8,26/04/2023,"75,000","476,000","75,000",18.75
11/04/2023,7,18/04/2023,"75,000","391,000","75,000",18.75
04/04/2023,7,11/04/2023,"75,000","349,500","75,000",18.75
28/03/2023,7,04/04/2023,"75,000","108,500","75,000",16.75
21/03/2023,7,28/03/2023,"75,000","229,500","75,000",16.75
14/03/2023,7,21/03/2023,"75,000","208,100","75,000",16.75
07/03/2023,7,14/03/2023,"75,000","222,600","75,000",16.75
28/02/2023,7,07/03/2023,"75,000","237,000","75,000",16.75
21/02/2023,7,28/02/2023,"75,000","232,400","75,000",16.75
14/02/2023,7,21/02/2023,"75,000","268,600","75,000",16.75
07/02/2023,7,14/02/2023,"75,000","216,000","75,000",16.75
31/01/2023,7,07/02/2023,"75,000","75,600","75,000",16.75
24/01/2023,7,31/01/2023,"75,000","113,900","75,000",16.75
17/01/2023,7,24/01/2023,"75,000","164,000","75,000",16.75
10/01/2023,7,17/01/2023,"75,000","445,000","75,000",16.75
03/01/2023,7,10/01/2023,"75,000","452,200","75,000",16.75
27/12/2022,7,03/01/2023,"75,000","393,950","75,000",16.75
20/12/2022,7,27/12/2022,"75,000","296,250","75,000",13.75
13/12/2022,7,20/12/2022,"75,000","240,900","75,000",13.75
06/12/2022,7,13/12/2022,"75,000","332,250","75,000",13.75
29/11/2022,7,06/12/2022,"75,000","281,350","75,000",13.75
22/11/2022,7,29/11/2022,"75,000","383,450","75,000",13.75
15/11/2022,7,22/11/2022,"75,000","260,200","75,000",13.75
08/11/2022,7,15/11/2022,"75,000","240,050","75,000",13.75
01/11/2022,7,08/11/2022,"75,000","241,600","75,000",13.75
25/10/2022,7,01/11/2022,"100,000","261,900","100,000",11.75
18/10/2022,7,25/10/2022,"100,000","773,750","100,000",11.75
11/10/2022,7,18/10/2022,"100,000","449,550","100,000",11.75
04/10/2022,7,11/10/2022,"100,000","409,050","100,000",11.75
27/09/2022,7,04/10/2022,"100,000","641,950","100,000",11.75
20/09/2022,7,27/09/2022,"100,000","519,750","100,000",11.75
13/09/2022,7,20/09/2022,"100,000","501,550","100,000",11.75
06/09/2022,7,13/09/2022,"100,000","560,700","100,000",11.75
30/08/2022,7,06/09/2022,"100,000","409,700","100,000",11.75
23/08/2022,7,30/08/2022,"100,000","374,600","100,000",11.75
16/08/2022,7,23/08/2022,"100,000","449,100","100,000",11.75
09/08/2022,7,16/08/2022,"75,000","346,200","75,000",11.75
02/08/2022,7,09/08/2022,"50,000","235,950","50,000",11.75
26/07/2022,7,02/08/2022,"50,000","167,900","50,000",11.75
19/07/2022,7,26/07/2022,"50,000","104,150","50,000",11.75
05/07/2022,14,19/07/2022,"50,000","136,050","50,000",11.75
28/06/2022,7,05/07/2022,"50,000","106,700","50,000",11.75
21/06/2022,7,28/06/2022,"50,000","71,600","50,000",11.75
14/06/2022,7,21/06/2022,"50,000","96,400","50,000",11.75
07/06/2022,7,14/06/2022,"50,000","118,100","50,000",11.75
31/05/2022,7,07/06/2022,"50,000","88,200","50,000",11.75
24/05/2022,7,31/05/2022,"50,000","89,901","50,000",11.75
17/05/2022,7,24/05/2022,"50,000","62,000","50,000",9.75
10/05/2022,7,17/05/2022,"50,000","72,350","50,000",9.75
26/04/2022,14,10/05/2022,"50,000","90,400","50,000",9.75
19/04/2022,7,26/04/2022,"50,000","74,500","50,000",9.75
12/04/2022,7,19/04/2022,"50,000","78,800","50,000",9.75
05/04/2022,7,12/04/2022,"50,000","70,200","50,000",9.75
29/03/2022,7,05/04/2022,"50,000","54,000","50,000",9.75
22/03/2022,7,29/03/2022,"50,000","50,450","50,000",9.75
15/03/2022,7,22/03/2022,"50,000","50,900","50,000",8.75
08/03/2022,7,15/03/2022,"50,000","50,650","50,000",8.75
01/03/2022,7,08/03/2022,"50,000","51,700","50,000",8.75
22/02/2022,7,01/03/2022,"50,000","50,000","50,000",8.75
15/02/2022,7,22/02/2022,"50,000","50,000","50,000",8.75
08/02/2022,7,15/02/2022,"50,000","50,000","50,000",8.75
01/02/2022,7,08/02/2022,"50,000","50,600","50,000",8.75
25/01/2022,7,01/02/2022,"50,000","50,000","50,000",8.75
18/01/2022,7,25/01/2022,"50,000","50,600","50,000",8.75
11/01/2022,7,18/01/2022,"50,000","54,400","50,000",8.75
04/01/2022,7,11/01/2022,"30,000","35,900","30,000",8.75
28/12/2021,7,04/01/2022,"10,000","14,000","10,000",8.75
21/12/2021,7,28/12/2021,"5,000","12,200","5,000",8.75
14/12/2021,7,21/12/2021,"5,000","11,950","5,000",8.75
07/12/2021,7,14/12/2021,"5,000","13,350","5,000",8.75
30/11/2021,7,07/12/2021,"5,000","10,300","5,000",8.75
23/11/2021,7,30/11/2021,"5,000","13,000","5,000",8.75
16/11/2021,7,23/11/2021,"5,000","11,100","5,000",8.75
09/11/2021,7,16/11/2021,"5,000","15,000","5,000",8.75
02/11/2021,7,09/11/2021,"5,000","12,200","5,000",8.75
26/10/2021,7,02/11/2021,"5,000","10,000","5,000",8.75
19/10/2021,7,26/10/2021,"5,000","10,000","5,000",8.75
12/10/2021,7,19/10/2021,"5,000","10,500","5,000",8.75
05/10/2021,7,12/10/2021,"5,000","13,500","5,000",8.75
28/09/2021,7,05/10/2021,"5,000","14,800","5,000",8.75
21/09/2021,7,28/09/2021,"5,000","5,800","5,000",8.75
14/09/2021,7,21/09/2021,"5,000","5,700","5,000",8.75
07/09/2021,7,14/09/2021,"5,000","6,200","5,000",8.75
31/08/2021,7,07/09/2021,"5,000","16,800","5,000",8.75
24/08/2021,7,31/08/2021,"5,000","5,400","5,000",8.75
17/08/2021,7,24/08/2021,"5,000","11,300","5,000",8.75
10/08/2021,7,17/08/2021,"5,000","5,000","5,000",8.75
03/08/2021,7,10/08/2021,"5,000","21,400","5,000",8.75
27/07/2021,7,03/08/2021,"5,000","7,300","5,000",8.75
13/07/2021,14,27/07/2021,"5,000","6,200","5,000",8.75
06/07/2021,7,13/07/2021,"5,000","10,500","5,000",8.75
29/06/2021,7,06/07/2021,"5,000","5,850","5,000",8.75
22/06/2021,7,29/06/2021,"5,000","26,600","5,000",8.75
15/06/2021,7,22/06/2021,"5,000","6,500","5,000",8.75
08/06/2021,7,15/06/2021,"5,000","11,300","5,000",8.75
01/06/2021,7,08/06/2021,"5,000","6,600","5,000",8.75
25/05/2021,7,01/06/2021,"5,000","5,600","5,000",8.75
18/05/2021,7,25/05/2021,"5,000","5,000","5,000",8.75
11/05/2021,7,18/05/2021,"5,000","5,000","5,000",8.75
04/05/2021,7,11/05/2021,"5,000","9,500","5,000",8.75
27/04/2021,7,04/05/2021,"5,000","6,100","5,000",8.75
20/04/2021,7,27/04/2021,"5,000","6,750","5,000",8.75
13/04/2021,7,20/04/2021,"5,000","6,100","5,000",8.75
06/04/2021,7,13/04/2021,"5,000","6,500","5,000",8.75
30/03/2021,7,06/04/2021,"5,000","5,700","5,000",8.75
23/03/2021,7,30/03/2021,"5,000","5,700","5,000",8.75
16/03/2021,7,23/03/2021,"5,000","6,400","5,000",8.75
09/03/2021,7,16/03/2021,"5,000","6,200","5,000",8.75
02/03/2021,7,09/03/2021,"5,000","6,250","5,000",8.75
23/02/2021,7,02/03/2021,"5,000","6,600","5,000",8.75
16/02/2021,7,23/02/2021,"5,000","6,100","5,000",8.75
09/02/2021,7,16/02/2021,"5,000","6,800","5,000",8.75
02/02/2021,7,09/02/2021,"5,000","7,000","5,000",8.75
26/01/2021,7,02/02/2021,"5,000","6,899","5,000",8.75
19/01/2021,7,26/01/2021,"5,000","6,900","5,000",8.75
12/01/2021,7,19/01/2021,"5,000","6,200","5,000",8.75
05/01/2021,7,12/01/2021,"5,000","11,400","5,000",8.75
29/12/2020,7,05/01/2021,"5,000","9,200","5,000",8.75
22/12/2020,7,29/12/2020,"5,000","6,700","5,000",8.75
15/12/2020,7,22/12/2020,"5,000","7,500","5,000",8.75
08/12/2020,7,15/12/2020,"5,000","6,300","5,000",8.75
01/12/2020,7,08/12/2020,"5,000","6,100","5,000",8.75
24/11/2020,7,01/12/2020,"5,000","8,900","5,000",8.75
17/11/2020,7,24/11/2020,"5,000","8,150","5,000",8.75
10/11/2020,7,17/11/2020,"10,000","20,600","10,000",9.25
03/11/2020,7,10/11/2020,"10,000","21,300","10,000",9.25
27/10/2020,7,03/11/2020,"10,000","10,600","10,000",9.25
20/10/2020,7,27/10/2020,"10,000","21,498","10,000",9.25
13/10/2020,7,20/10/2020,"10,000","11,000","10,000",9.25
06/10/2020,7,13/10/2020,"10,000","21,800","10,000",9.25
29/09/2020,7,06/10/2020,"10,000","13,850","10,000",9.25
22/09/2020,7,29/09/2020,"10,000","12,300","10,000",9.75
15/09/2020,7,22/09/2020,"10,000","11,700","10,000",9.75
08/09/2020,7,15/09/2020,"20,000","20,500","20,000",9.75
01/09/2020,7,08/09/2020,"20,000","28,300","20,000",9.75
25/08/2020,7,01/09/2020,"20,000","36,700","20,000",9.75
18/08/2020,7,25/08/2020,"20,000","29,300","20,000",9.75
11/08/2020,7,18/08/2020,"20,000","24,850","20,000",9.75
04/08/2020,7,11/08/2020,"20,000","24,800","20,000",9.75
28/07/2020,7,04/08/2020,"20,000","22,800","20,000",9.75
21/07/2020,7,28/07/2020,"20,000","25,800","20,000",9.75
14/07/2020,7,21/07/2020,"30,000","33,000","30,000",9.75
07/07/2020,7,14/07/2020,"30,000","32,800","30,000",9.75
29/06/2020,8,07/07/2020,"50,000","63,150","50,000",9.75
23/06/2020,6,29/06/2020,"30,000","50,100","30,000",9.75
16/06/2020,7,23/06/2020,"30,000","118,200","30,000",9.75
17/03/2020,7,24/03/2020,"30,000","67,200","30,000",9.75
10/03/2020,7,17/03/2020,"50,000","192,330","50,000",12.75
03/03/2020,7,10/03/2020,"50,000","271,300","50,000",12.75
25/02/2020,7,03/03/2020,"50,000","338,820","50,000",12.75
18/02/2020,7,25/02/2020,"50,000","293,050","50,000",12.75
11/02/2020,7,18/02/2020,"50,000","278,100","50,000",12.75
04/02/2020,7,11/02/2020,"50,000","211,502","50,000",12.75
28/01/2020,7,04/02/2020,"50,000","177,500","50,000",12.75
21/01/2020,7,28/01/2020,"50,000","157,050","50,000",12.75
14/01/2020,7,21/01/2020,"50,000","286,152","50,000",12.75
06/01/2020,8,14/01/2020,"50,000","226,000","50,000",12.75
31/12/2019,6,06/01/2020,"50,000","198,725","50,000",12.75
24/12/2019,7,31/12/2019,"50,000","190,400","50,000",12.75
17/12/2019,7,24/12/2019,"50,000","189,800","50,000",12.75
10/12/2019,7,17/12/2019,"50,000","184,250","50,000",12.75
03/12/2019,7,10/12/2019,"50,000","237,050","50,000",12.75
26/11/2019,7,03/12/2019,"50,000","200,700","50,000",12.75
19/11/2019,7,26/11/2019,"50,000","207,450","50,000",12.75
12/11/2019,7,19/11/2019,"50,000","121,750","50,000",13.75
05/11/2019,7,12/11/2019,"50,000","215,200","50,000",13.75
29/10/2019,7,05/11/2019,"50,000","155,450","50,000",13.75
22/10/2019,7,29/10/2019,"75,000","297,270","75,000",13.75
15/10/2019,7,22/10/2019,"75,000","300,050","75,000",13.75
08/10/2019,7,15/10/2019,"75,000","310,239","75,000",13.75
01/10/2019,7,08/10/2019,"75,000","220,870","75,000",13.75
24/09/2019,7,01/10/2019,"75,000","357,800","75,000",14.75
17/09/2019,7,24/09/2019,"75,000","250,200","75,000",14.75
10/09/2019,7,17/09/2019,"75,000","237,170","75,000",14.75
03/09/2019,7,10/09/2019,"75,000","211,350","75,000",14.75
27/08/2019,7,03/09/2019,"75,000","288,460","75,000",14.75
20/08/2019,7,27/08/2019,"75,000","311,560","75,000",16.25
14/08/2019,6,20/08/2019,"75,000","188,950","75,000",16.25
06/08/2019,8,14/08/2019,"50,000","142,200","50,000",16.25
30/07/2019,7,06/08/2019,"50,000","230,450","50,000",16.25
22/07/2019,8,30/07/2019,"50,000","219,950","50,000",16.25
16/07/2019,6,22/07/2019,"50,000","185,150","50,000",16.25
09/07/2019,7,16/07/2019,"50,000","222,835","50,000",16.25
02/07/2019,7,09/07/2019,"40,000","167,900","40,000",16.25
25/06/2019,7,02/07/2019,"50,000","155,805","50,000",16.25
18/06/2019,7,25/06/2019,"50,000","153,100","50,000",16.25
11/06/2019,7,18/06/2019,"50,000","126,690","50,000",16.25
03/06/2019,8,11/06/2019,"50,000","83,901","50,000",16.25
28/05/2019,6,03/06/2019,"50,000","148,900","50,000",16.25
21/05/2019,7,28/05/2019,"50,000","211,900","50,000",16.25
14/05/2019,7,21/05/2019,"50,000","140,900","50,000",16.25
07/05/2019,7,14/05/2019,"50,000","143,800","50,000",16.25
30/04/2019,7,07/05/2019,"75,000","118,100","75,000",16.25
23/04/2019,7,30/04/2019,"50,000","169,950","50,000",16.25
16/04/2019,7,23/04/2019,"50,000","121,158","50,000",16.25
09/04/2019,7,16/04/2019,"50,000","116,136","50,000",16.25
02/04/2019,7,09/04/2019,"60,000","136,936","60,000",16.25
26/03/2019,7,02/04/2019,"60,000","216,800","60,000",16.25
19/03/2019,7,26/03/2019,"75,000","125,866","75,000",16.25
12/03/2019,7,19/03/2019,"75,000","168,696","75,000",16.25
05/03/2019,7,12/03/2019,"75,000","157,505","75,000",16.25
26/02/2019,7,05/03/2019,"75,000","213,580","75,000",16.25
19/02/2019,7,26/02/2019,"50,000","135,225","50,000",16.25
12/02/2019,7,19/02/2019,"50,000","119,500","50,000",17.25
05/02/2019,7,12/02/2019,"50,000","99,280","50,000",17.25
29/01/2019,7,05/02/2019,"50,000","112,180","50,000",17.25
22/01/2019,7,29/01/2019,"50,000","116,100","50,000",17.25
15/01/2019,7,22/01/2019,"50,000","117,950","50,000",17.25
08/01/2019,7,15/01/2019,"50,000","135,610","50,000",17.25
02/01/2019,6,08/01/2019,"50,000","105,980","50,000",17.25
25/12/2018,8,02/01/2019,"45,000","90,900","45,000",17.25
18/12/2018,7,25/12/2018,"60,000","92,435","60,000",17.25
11/12/2018,7,18/12/2018,"60,000","69,200","60,000",17.25
04/12/2018,7,11/12/2018,"75,000","113,790","75,000",17.25
27/11/2018,7,04/12/2018,"75,000","141,660","75,000",17.25
19/11/2018,8,27/11/2018,"50,000","101,250","50,000",17.25
13/11/2018,6,19/11/2018,"50,000","105,850","50,000",17.25
06/11/2018,7,13/11/2018,"60,000","119,450","60,000",17.25
30/10/2018,7,06/11/2018,"60,000","124,640","60,000",17.25
23/10/2018,7,30/10/2018,"50,000","104,250","50,000",17.25
16/10/2018,7,23/10/2018,"50,000","93,920","50,000",17.25
09/10/2018,7,16/10/2018,"50,000","96,940","50,000",17.25
02/10/2018,7,09/10/2018,"50,000","77,500","50,000",17.25
25/09/2018,7,02/10/2018,"55,000","100,883","55,000",17.25
18/09/2018,7,25/09/2018,"55,000","87,650","55,000",17.25
12/09/2018,6,18/09/2018,"55,000","90,327","55,000",17.25
04/09/2018,8,12/09/2018,"55,000","106,600","55,000",17.25
28/08/2018,7,04/09/2018,"50,000","160,717","50,000",17.25
19/08/2018,9,28/08/2018,"45,000","51,150","45,000",17.25
14/08/2018,5,19/08/2018,"40,000","68,046","40,000",17.25
07/08/2018,7,14/08/2018,"40,000","67,800","40,000",17.25
31/07/2018,7,07/08/2018,"40,000","80,060","40,000",17.25
24/07/2018,7,31/07/2018,"40,000","61,350","40,000",17.25
17/07/2018,7,24/07/2018,"45,000","112,950","45,000",17.25
10/07/2018,7,17/07/2018,"40,000","79,800","40,000",17.25
03/07/2018,7,10/07/2018,"40,000","83,750","40,000",17.25
26/06/2018,7,03/07/2018,"40,000","57,850","40,000",17.25
19/06/2018,7,26/06/2018,"40,000","66,046","40,000",17.25
12/06/2018,7,19/06/2018,"40,000","45,600","40,000",17.25
05/06/2018,7,12/06/2018,"50,000","95,370","50,000",17.25
29/05/2018,7,05/06/2018,"50,000","85,890","50,000",17.25
22/05/2018,7,29/05/2018,"50,000","163,820","50,000",17.25
15/05/2018,7,22/05/2018,"40,000","62,650","40,000",17.25
08/05/2018,7,15/05/2018,"35,000","99,925","35,000",17.25
02/05/2018,6,08/05/2018,"35,000","85,600","35,000",17.25
24/04/2018,8,02/05/2018,"55,000","167,400","55,000",17.25
17/04/2018,7,24/04/2018,"35,000","83,700","35,000",17.25
10/04/2018,7,17/04/2018,"35,000","134,550","35,000",17.25
03/04/2018,7,10/04/2018,"37,000","80,127","37,000",17.25
27/03/2018,7,03/04/2018,"30,000","149,790","30,000",18.25
20/03/2018,7,27/03/2018,"30,000","114,850","30,000",18.25
13/03/2018,7,20/03/2018,"30,000","104,950","30,000",18.25
06/03/2018,7,13/03/2018,"30,000","71,950","30,000",18.25
27/02/2018,7,06/03/2018,"10,000","126,900","10,000",18.25
20/02/2018,7,27/02/2018,"10,000","82,240","10,000",18.25
13/02/2018,7,20/02/2018,"10,000","110,900","10,000",19.25
06/02/2018,7,13/02/2018,"10,000","59,250","10,000",19.25
30/01/2018,7,06/02/2018,"10,000","77,850","10,000",19.25
23/01/2018,7,30/01/2018,"10,000","77,380","10,000",19.25
16/01/2018,7,23/01/2018,"10,000","70,000","10,000",19.25
09/01/2018,7,16/01/2018,"10,000","56,400","10,000",19.25
02/01/2018,7,09/01/2018,"10,000","50,800","10,000",19.25
26/12/2017,7,02/01/2018,"10,000","75,250","10,000",19.25
19/12/2017,7,26/12/2017,"10,000","70,280","10,000",19.25
12/12/2017,7,19/12/2017,"10,000","47,550","10,000",19.25
05/12/2017,7,12/12/2017,"10,000","76,350","10,000",19.25
28/11/2017,7,05/12/2017,"10,000","61,975","10,000",19.25
21/11/2017,7,28/11/2017,"10,000","68,100","10,000",19.25
14/11/2017,7,21/11/2017,"10,000","74,850","10,000",19.25
07/11/2017,7,14/11/2017,"10,000","62,150","10,000",19.25
31/10/2017,7,07/11/2017,"10,000","72,950","10,000",19.25
24/10/2017,7,31/10/2017,"10,000","48,700","10,000",19.25
17/10/2017,7,24/10/2017,"10,000","45,600","10,000",19.25
10/10/2017,7,17/10/2017,"10,000","20,820","10,000",19.25
04/10/2017,6,10/10/2017,"55,000","50,050","50,050",19.25
03/10/2017,7,10/10/2017,"10,000","18,000","10,000",19.25
26/09/2017,7,03/10/2017,"10,000","40,480","10,000",19.25
19/09/2017,7,26/09/2017,"10,000","12,710","10,000",19.25
12/09/2017,7,19/09/2017,"10,000","12,030","10,000",19.25
05/09/2017,7,12/09/2017,"10,000","19,850","10,000",19.25
29/08/2017,7,05/09/2017,"10,000","10,045","10,000",19.25
22/08/2017,7,29/08/2017,"10,000","38,500","10,000",19.25
15/08/2017,7,22/08/2017,"10,000","19,130","10,000",19.25
08/08/2017,7,15/08/2017,"10,000","28,360","10,000",19.25
01/08/2017,7,08/08/2017,"10,000","12,190","10,000",19.25
25/07/2017,7,01/08/2017,"10,000","16,240","10,000",19.25
18/07/2017,7,25/07/2017,"5,000","7,100","7,100",19.25
11/07/2017,7,18/07/2017,"5,000","4,090","4,090",19.25
04/07/2017,7,11/07/2017,"5,000",720,720,17.25
13/06/2017,7,20/06/2017,"5,000","5,300","5,000",17.25
06/06/2017,7,13/06/2017,"5,000","8,200","5,000",17.25
30/05/2017,7,06/06/2017,"10,000","9,050","9,050",17.25
23/05/2017,7,30/05/2017,"20,000","33,310","20,000",17.25
16/05/2017,7,23/05/2017,"35,000","48,730","35,000",15.25
09/05/2017,7,16/05/2017,"40,000","60,000","40,000",15.25
02/05/2017,7,09/05/2017,"50,000","90,450","50,000",15.25
26/04/2017,6,02/05/2017,"50,000","84,650","50,000",15.25
18/04/2017,8,26/04/2017,"55,000","75,650","55,000",15.25
11/04/2017,7,18/04/2017,"55,000","102,200","55,000",15.25
04/04/2017,7,11/04/2017,"55,000","60,950","55,000",15.25
28/03/2017,7,04/04/2017,"55,000","106,500","55,000",15.25
21/03/2017,7,28/03/2017,"55,000","76,550","55,000",15.25
14/03/2017,7,21/03/2017,"55,000","100,508","55,000",15.25
07/03/2017,7,14/03/2017,"55,000","71,250","55,000",15.25
28/02/2017,7,07/03/2017,"55,000","91,550","55,000",15.25
21/02/2017,7,28/02/2017,"65,000","80,690","65,000",15.25
14/02/2017,7,21/02/2017,"75,000","103,820","75,000",15.25
07/02/2017,7,14/02/2017,"70,000","67,385","67,385",15.25
31/01/2017,7,07/02/2017,"65,000","90,080","65,000",15.25
24/01/2017,7,31/01/2017,"65,000","77,840","65,000",15.25
17/01/2017,7,24/01/2017,"65,000","68,500","65,000",15.25
10/01/2017,7,17/01/2017,"75,000","67,860","67,860",15.25
03/01/2017,7,10/01/2017,"75,000","91,000","75,000",15.25
27/12/2016,7,03/01/2017,"75,000","75,700","75,000",15.25
20/12/2016,7,27/12/2016,"75,000","92,880","75,000",15.25
13/12/2016,7,20/12/2016,"65,000","69,080","65,000",15.25
06/12/2016,7,13/12/2016,"75,000","83,030","75,000",15.25
29/11/2016,7,06/12/2016,"70,000","55,730","55,730",15.25
22/11/2016,7,29/11/2016,"75,000","87,710","75,000",15.25
15/11/2016,7,22/11/2016,"80,000","106,830","80,000",15.25
08/11/2016,7,15/11/2016,"70,000","140,790","70,000",15.25
01/11/2016,7,08/11/2016,"215,000","229,870","215,000",12.25
25/10/2016,7,01/11/2016,"215,000","278,850","215,000",12.25
18/10/2016,7,25/10/2016,"195,000","201,930","195,000",12.25
11/10/2016,7,18/10/2016,"200,000","272,250","200,000",12.25
04/10/2016,7,11/10/2016,"190,000","206,850","190,000",12.25
27/09/2016,7,04/10/2016,"190,000","250,250","190,000",12.25
20/09/2016,7,27/09/2016,"175,000","181,600","175,000",12.25
14/09/2016,6,20/09/2016,"170,000","241,508","170,000",12.25
06/09/2016,8,14/09/2016,"165,000","185,990","165,000",12.25
30/08/2016,7,06/09/2016,"165,000","237,105","165,000",12.25
23/08/2016,7,30/08/2016,"160,000","173,005","160,000",12.25
16/08/2016,7,23/08/2016,"155,000","224,273","155,000",12.25
09/08/2016,7,16/08/2016,"150,000","156,130","150,000",12.25
02/08/2016,7,09/08/2016,"160,000","213,700","160,000",12.25
26/07/2016,7,02/08/2016,"140,000","145,925","140,000",12.25
19/07/2016,7,26/07/2016,"145,000","195,850","145,000",12.25
12/07/2016,7,19/07/2016,"115,000","115,555","115,000",12.25
04/07/2016,8,12/07/2016,"130,000","177,770","130,000",12.25
28/06/2016,7,05/07/2016,"130,000","135,410","130,000",12.25
21/06/2016,7,28/06/2016,"140,000","204,560","140,000",12.25
14/06/2016,7,21/06/2016,"135,000","147,630","135,000",11.25
07/06/2016,7,14/06/2016,"140,000","201,210","140,000",11.25
31/05/2016,7,07/06/2016,"145,000","148,925","145,000",11.25
24/05/2016,7,31/05/2016,"155,000","196,230","155,000",11.25
17/05/2016,7,24/05/2016,"125,000","141,683","125,000",11.25
10/05/2016,7,17/05/2016,"115,000","170,950","115,000",11.25
03/05/2016,7,10/05/2016,"115,000","124,270","115,000",11.25
26/04/2016,7,03/05/2016,"125,000","167,640","125,000",11.25
19/04/2016,7,26/04/2016,"125,000","130,620","125,000",11.25
12/04/2016,7,19/04/2016,"125,000","171,793","125,000",11.25
05/04/2016,7,12/04/2016,"127,780","127,780","127,780",11.25
24/03/2015,7,31/03/2015,"90,000","139,109","90,000",9.25
24/02/2015,7,03/03/2015,"80,000","143,673","80,000",9.25
30/12/2014,7,06/01/2015,,"141,195","70,000",9.75
23/12/2014,7,30/12/2014,,"151,680","70,000",9.75
16/12/2014,7,23/12/2014,,"154,450","70,000",9.75
09/12/2014,7,16/12/2014,,"153,275","65,000",9.75
02/12/2014,7,09/12/2014,,"139,070","60,000",9.75
25/11/2014,7,02/12/2014,,"140,135","60,000",9.75
18/11/2014,7,25/11/2014,,"131,940","55,000",9.75
11/11/2014,7,18/11/2014,,"119,275","50,000",9.75
04/11/2014,7,11/11/2014,,"118,631","45,000",9.75
28/10/2014,7,04/11/2014,,"103,385","45,000",9.75
21/10/2014,7,28/10/2014,,"102,400","45,000",9.75
14/10/2014,7,21/10/2014,,"93,940","35,000",9.75
08/10/2014,6,14/10/2014,,"88,500","35,000",9.75
30/09/2014,8,08/10/2014,,"86,830","30,000",9.75
23/09/2014,7,30/09/2014,,"83,000","40,000",9.75
16/09/2014,7,23/09/2014,,"101,975","40,000",9.75
09/09/2014,7,16/09/2014,,"125,800","60,000",9.75
02/09/2014,7,09/09/2014,,"134,640","70,000",9.75
26/08/2014,7,02/09/2014,,"124,210","65,000",9.75
19/08/2014,7,26/08/2014,,"119,355","60,000",9.75
12/08/2014,7,19/08/2014,,"112,670","65,000",9.75
05/08/2014,7,12/08/2014,,"123,975","65,000",9.75
31/07/2014,5,05/08/2014,,"107,000","55,000",9.75
22/07/2014,9,31/07/2014,,"95,920","45,000",9.75
15/07/2014,7,22/07/2014,,"87,725","40,000",8.75
08/07/2014,7,15/07/2014,,"89,440","40,000",8.75
02/07/2014,6,08/07/2014,,"92,795","40,000",8.75
24/06/2014,8,02/07/2014,,"90,430","35,000",8.75
17/06/2014,7,24/06/2014,,"89,755","35,000",8.75
10/06/2014,7,17/06/2014,,"88,100","35,000",8.75
03/06/2014,7,10/06/2014,,"81,780","40,000",8.75
28/05/2014,6,03/06/2014,,"89,853","40,000",8.75
20/05/2014,7,27/05/2014,,"87,955","40,000",8.75
13/05/2014,7,20/05/2014,,"94,180","35,000",8.75
06/05/2014,7,13/05/2014,,"110,070","45,000",8.75
29/04/2014,7,06/05/2014,,"99,465","45,000",8.75
22/04/2014,7,29/04/2014,,"96,330","50,000",8.75
15/04/2014,7,22/04/2014,,"112,870","50,000",8.75
08/04/2014,7,15/04/2014,,"96,620","45,000",8.75
01/04/2014,7,08/04/2014,,"87,905","45,000",8.75
25/03/2014,7,01/04/2014,,"85,965","50,000",8.75
18/03/2014,7,25/03/2014,,"90,040","50,000",8.75
11/03/2014,7,18/03/2014,,"107,435","65,000",8.75
04/03/2014,7,11/03/2014,,"113,790","60,000",8.75
25/02/2014,7,04/03/2014,,"104,253","65,000",8.75
18/02/2014,7,25/02/2014,,"109,925","65,000",8.75
11/02/2014,7,18/02/2014,,"100,548","60,000",8.75
04/02/2014,7,11/02/2014,,"106,046","60,000",8.75
28/01/2014,7,04/02/2014,,"94,225","55,000",8.75
21/01/2014,7,28/01/2014,,"111,050","60,000",8.75
14/01/2014,7,21/01/2014,,"93,410","55,000",8.75
08/01/2014,6,14/01/2014,,"100,615","55,000",8.75
31/12/2013,8,08/01/2014,,"96,788","55,000",8.75
24/12/2013,7,31/12/2013,,"97,705","55,000",8.75
17/12/2013,7,24/12/2013,,"97,960","50,000",8.75
10/12/2013,7,17/12/2013,,"87,980","45,000",8.75
03/12/2013,7,10/12/2013,,"76,182","45,000",9.25
26/11/2013,7,03/12/2013,,"77,660","45,000",9.25
19/11/2013,7,26/11/2013,,"67,820","40,000",9.25
12/11/2013,7,19/11/2013,,"71,920","32,000",9.25
06/11/2013,6,12/11/2013,,"55,580","25,000",9.25
29/10/2013,8,06/11/2013,,"55,990","30,000",9.25
22/10/2013,7,29/10/2013,,"22,830","12,000",9.25
13/10/2013,9,22/10/2013,,"39,904","25,000",9.25
08/10/2013,5,13/10/2013,,"46,990","25,000",9.25
01/10/2013,7,08/10/2013,,"28,650","15,000",9.25
04/06/2013,7,11/06/2013,,"10,350","6,000",10.25
28/05/2013,7,04/06/2013,,"14,890","6,000",10.25
21/05/2013,7,28/05/2013,,"15,955","10,000",10.25
14/05/2013,7,21/05/2013,,"19,625","12,000",10.25
07/05/2013,7,14/05/2013,,"19,530","13,000",10.25
30/04/2013,7,07/05/2013,,"24,566","18,000",10.25
23/04/2013,7,30/04/2013,,"25,171","20,000",10.25
16/04/2013,7,23/04/2013,,"28,225","18,000",10.25
09/04/2013,7,16/04/2013,,"29,315","23,000",10.25
02/04/2013,7,09/04/2013,,"15,075","14,000",10.25
