Issue Date,ISIN,Tenor (days),Type (New / Reopening),Required Amount,Submitted Amount,Accepted Amount,Min. Yield (%),Max. Yield (%),Weighted Avg. Yield (%)
17/09/2013,EGBGR00921F9,546,N,"1,000,000,000","3,164,400,000","1,000,000,000",10.65,10.82,10.745
24/09/2013,EGBGR00931F8,546,N,"1,000,000,000","2,887,400,000","1,000,000,000",11.7,12.1,12.017
29/10/2013,EGBGR00941F7,525,N,"1,500,000,000","2,584,600,000","1,500,000,000",11.38,11.57,11.448
08/10/2013,EGBGR00941F7,546,N,"1,500,000,000","3,761,600,000","1,500,000,000",11.22,11.41,11.318
26/11/2013,EGBGR00951F6,532,N,"1,500,000,000","3,041,725,000","1,500,000,000",11.55,11.7,11.646
12/11/2013,EGBGR00951F6,546,N,"1,500,000,000","2,558,150,000","1,500,000,000",11.45,11.73,11.603
07/01/2014,EGPGR01041F5,546,N,"2,000,000,000","3,626,875,000","2,000,000,000",11.24,11.62,11.456
25/02/2014,EGBGR01131F4,532,N,"2,000,000,000","2,882,800,000","2,000,000,000",11.33,11.5,11.427
11/02/2014,EGBGR01131F4,546,N,"2,000,000,000","2,977,300,000","2,000,000,000",11.25,11.54,11.402
18/03/2014,EGBGR01061F3,532,N,"2,000,000,000","4,191,050,000","2,000,000,000",11.47,11.54,11.52
04/03/2014,EGBGR01061F3,546,N,"2,000,000,000","4,188,300,000","2,000,000,000",11.5,11.59,11.548
29/04/2014,EGBGR01151F2,532,N,"1,500,000,000","2,158,600,000","1,500,000,000",11.42,11.648,11.577
15/04/2014,EGBGR01151F2,546,N,"1,500,000,000","3,117,890,000","1,500,000,000",11.42,11.5,11.469
27/05/2014,EGBGR01161F1,532,N,"1,500,000,000","2,223,600,000","1,500,000,000",11.37,11.46,11.433
13/05/2014,EGBGR01161F1,546,N,"1,500,000,000","3,149,670,000","1,500,000,000",11.4,11.49,11.471
24/06/2014,EGBGR01171F0,532,N,"1,500,000,000","3,264,600,000","1,500,000,000",11.35,11.41,11.379
10/06/2014,EGBGR01171F0,546,N,"1,500,000,000","2,668,940,000","1,500,000,000",11.39,11.46,11.44
22/07/2014,EGBGR01221F3,532,N,"1,500,000,000","2,076,600,000","170,000,000",12.75,12.95,12.86
08/07/2014,EGBGR01221F3,546,N,"1,500,000,000","2,797,000,000","1,500,000,000",11.35,11.645,11.579
19/08/2014,EGBGR01231F2,532,N,"1,500,000,000","2,347,000,000","1,063,100,000",12.4,12.6,12.58
05/08/2014,EGBGR01231F2,546,N,"1,500,000,000","2,473,600,000","1,500,000,000",12.334,12.9,12.874
30/09/2014,EGBGR01241F1,532,N,"1,000,000,000","1,678,400,000","1,000,000,000",12.64,12.78,12.724
16/09/2014,EGBGR01241F1,546,N,"1,500,000,000","1,929,100,000","1,058,100,000",12.75,12.94,12.867
28/10/2014,EGBGR01291F6,532,N,"1,500,000,000","2,959,200,000","1,500,000,000",12.7,12.74,12.718
14/10/2014,EGBGR01291F6,546,N,"1,500,000,000","2,306,600,000","1,500,000,000",12.7,12.82,12.778
18/11/2014,EGBGR01301F3,532,N,"1,500,000,000","3,241,850,000","1,500,000,000",12.5,12.65,12.578
04/11/2014,EGBGR01301F3,546,N,"1,500,000,000","2,816,600,000","1,500,000,000",12.55,12.62,12.596
30/12/2014,EGBGR01311F2,518,N,"1,500,000,000","2,843,375,000","1,500,000,000",12.33,12.52,12.471
16/12/2014,EGBGR01311F2,532,N,"1,500,000,000","3,979,500,000","1,500,000,000",12.09,12.17,12.134
02/12/2014,EGBGR01311F2,546,N,"1,500,000,000","3,363,300,000","1,500,000,000",12.45,12.51,12.486
03/10/2015,EGBGR01371F6,546,N,"1,500,000,000","4,316,300,000",0,5.000,11.400,11.478
17/05/2016,EGBGR01711F3,532,N,"1,250,000,000","1,447,375,000",0,27.000,14.200,14.310
14/06/2016,EGBGR01721F2,532,N,"1,250,000,000","2,658,575,000",0,32.000,14.200,14.380
31/05/2016,EGBGR01721F2,546,N,"1,250,000,000","4,102,825,000",0,20.000,14.160,14.268
28/06/2016,EGBGR01731F1,546,N,"1,250,000,000","3,248,875,000","1,250,000,000",15.280,15.350,15.329
23/08/2016,EGBGR01781F6,532,N,"750,000,000","1,103,325,000","750,000,000",16.150,16.340,16.270
09/08/2016,EGBGR01781F6,546,N,"750,000,000","2,337,825,000","750,000,000",15.900,16.030,15.964
20/09/2016,EGBGR01791F5,532,N,"250,000,000","441,100,000","250,000,000",16.480,16.520,16.496
06/09/2016,EGBGR01791F5,546,N,"250,000,000","409,100,000","250,000,000",16.400,16.570,16.497
04/10/2016,EGBGR01901F0,546,N,"250,000,000","226,635,000","203,635,000",16.470,16.520,16.514
22/06/2021,EGBGR03141F1,476,R,"1,000,000,000","1,318,500,000","993,500,000",13.650,13.709,13.683
08/06/2021,EGBGR03141F1,490,R,"1,000,000,000","1,488,000,000","1,123,000,000",13.660,13.710,13.696
25/05/2021,EGBGR03141F1,504,R,"1,000,000,000","2,059,000,000","1,629,000,000",13.660,13.710,13.699
11/05/2021,EGBGR03141F1,518,R,"1,000,000,000","759,700,000","374,700,000",13.700,13.710,13.710
27/04/2021,EGBGR03141F1,532,R,"1,000,000,000","975,000,000","540,000,000",13.300,13.710,13.703
13/04/2021,EGBGR03141F1,546,N,"1,000,000,000","2,015,000,000","1,000,000,000",13.580,13.710,13.653
27/07/2021,EGBGR03271Z4,525,R,"2,000,000,000","3,218,000,000","2,450,000,000",13.700,13.770,13.759
20/07/2021,EGBGR03271Z4,532,R,"2,500,000,000","3,748,000,000","2,802,000,000",13.700,13.750,13.737
13/07/2021,EGBGR03271Z4,539,N,"2,000,000,000","2,945,500,000","2,220,500,000",13.650,13.730,13.700
06/07/2021,EGBGR03271Z4,546,N,"2,500,000,000","2,146,000,000","1,200,000,000",13.680,13.730,13.711
31/08/2021,EGBGR03281Z3,518,R,"2,500,000,000","12,686,850,000","3,802,400,000",13.550,13.600,13.581
24/08/2021,EGBGR03281Z3,525,R,"2,000,000,000","8,781,000,000","8,471,000,000",13.580,13.710,13.684
17/08/2021,EGBGR03281Z3,532,R,"2,500,000,000","8,723,000,000","7,443,000,000",13.071,13.710,13.702
10/08/2021,EGBGR03281Z3,539,N,"2,000,000,000","4,035,000,000","2,395,000,000",13.630,13.720,13.702
03/08/2021,EGBGR03281Z3,546,N,"2,500,000,000","8,752,500,000","7,595,000,000",13.540,13.720,13.698
28/09/2021,EGBGR03291Z2,525,N,"2,500,000,000","5,731,575,000","2,925,000,000",13.520,13.590,13.566
21/09/2021,EGBGR03291Z2,532,R,"2,000,000,000","6,470,000,000","5,905,000,000",13.440,13.600,13.581
14/09/2021,EGBGR03291Z2,539,R,"2,500,000,000","6,865,000,000","5,933,000,000",13.440,13.600,13.582
07/09/2021,EGBGR03291Z2,546,N,"2,000,000,000","6,717,050,000","5,747,050,000",13.400,13.548,13.518
26/10/2021,EGBGR03411Z6,525,N,"3,000,000,000","9,569,650,000","7,488,650,000",13.530,13.630,13.618
19/10/2021,EGBGR03411Z6,532,R,"2,500,000,000","3,261,800,000","69,300,000",13.580,13.580,13.580
12/10/2021,EGBGR03411Z6,539,N,"3,000,000,000","4,044,000,000","130,000,000",13.580,13.580,13.580
05/10/2021,EGBGR03411Z6,546,N,"2,500,000,000","6,693,250,000","1,368,250,000",13.550,13.590,13.573
30/11/2021,EGBGR03421Z5,518,N,"2,500,000,000","5,943,600,000","3,456,600,000",13.690,13.730,13.726
23/11/2021,EGBGR03421Z5,525,R,"3,000,000,000","4,758,000,000","28,000,000",13.680,13.730,13.727
16/11/2021,EGBGR03421Z5,532,R,"2,500,000,000","6,853,200,000","5,380,200,000",13.650,13.730,13.726
09/11/2021,EGBGR03421Z5,539,N,"3,000,000,000","8,232,500,000","6,331,500,000",13.590,13.680,13.676
02/11/2021,EGBGR03421Z5,546,N,"2,500,000,000","2,960,000,000","372,000,000",13.580,13.630,13.592
28/12/2021,EGBGR03431Z4,525,N,"2,500,000,000","4,554,750,000","1,864,750,000",13.700,13.720,13.709
21/12/2021,EGBGR03431Z4,532,R,"3,000,000,000","4,514,000,000","2,262,600,000",13.700,13.720,13.716
14/12/2021,EGBGR03431Z4,539,R,"2,500,000,000","3,243,000,000","1,803,500,000",13.690,13.720,13.712
07/12/2021,EGBGR03431Z4,546,N,"3,000,000,000","5,810,500,000","3,000,000,000",13.690,13.720,13.708
11/01/2022,EGBGR03631Z9,539,R,"12,500,000,000","21,704,600,000","14,034,600,000",13.690,13.720,13.719
04/01/2022,EGBGR03631Z9,546,N,"11,500,000,000","12,045,000,000","5,106,000,000",13.710,13.720,13.720
25/01/2022,EGBGR03641Z8,539,R,"12,500,000,000","15,243,500,000","7,403,500,000",13.690,13.720,13.719
18/01/2022,EGBGR03641Z8,546,N,"11,500,000,000","13,382,500,000","6,088,500,000",13.675,13.720,13.717
08/02/2022,EGBGR03651Z7,539,N,"12,500,000,000","15,566,150,000","1,969,150,000",13.690,13.720,13.713
01/02/2022,EGBGR03651Z7,546,N,"11,500,000,000","14,376,000,000","1,822,500,000",13.700,13.720,13.715
22/02/2022,EGBGR03661Z6,539,R,"12,500,000,000","14,002,100,000","6,365,900,000",13.700,13.720,13.718
15/02/2022,EGBGR03661Z6,546,N,"11,500,000,000","18,995,200,000","12,398,200,000",13.700,13.720,13.719
08/03/2022,EGBGR03671Z5,539,R,"12,500,000,000","16,820,100,000","400,100,000",13.710,13.720,13.714
01/03/2022,EGBGR03671Z5,546,N,"11,500,000,000","11,927,750,000","205,250,000",13.710,13.720,13.715
15/03/2022,EGBGR03681Z4,546,N,"11,500,000,000","11,426,500,000","3,000,000",13.720,13.720,13.720
29/03/2022,EGBGR03691Z3,546,N,"11,500,000,000","17,686,000,000","1,000,000,000",13.720,13.900,13.781
12/04/2022,EGBGR03761Z4,539,R,"5,000,000,000","5,560,000,000","500,000,000",13.990,13.990,13.990
05/04/2022,EGBGR03761Z4,546,N,"4,500,000,000","8,486,200,000","1,262,200,000",13.800,13.990,13.938
19/04/2022,EGBGR03771Z3,546,N,"4,500,000,000","4,520,300,000","28,300,000",13.990,14.000,13.994
05/07/2022,EGBGR03881F2,546,N,"7,000,000,000","4,400,000,000","385,000,000",15.500,15.500,15.500
23/08/2022,EGBGR03951F3,539,R,"7,500,000,000","16,559,500,000","9,045,000,000",17.220,17.250,17.250
16/08/2022,EGBGR03951F3,546,N,"7,000,000,000","5,118,000,000","3,080,000,000",17.250,17.250,17.250
06/09/2022,EGBGR03961F2,539,R,"7,500,000,000","9,216,000,000","1,431,000,000",17.240,17.250,17.249
30/08/2022,EGBGR03961F2,546,N,"7,000,000,000","12,028,000,000","6,855,000,000",17.240,17.250,17.250
20/09/2022,EGBGR03971F1,539,R,"7,500,000,000","5,634,500,000","2,000,000",17.350,17.350,17.350
13/09/2022,EGBGR03971F1,546,N,"7,000,000,000","32,860,300,000","30,363,300,000",17.240,17.350,17.275
27/09/2022,EGBGR03981F0,546,N,"7,000,000,000","7,608,500,000","2,180,500,000",17.300,17.350,17.335
04/10/2022,EGBGR04141Z8,546,N,"6,000,000,000","9,340,000,000","4,023,000,000",17.330,17.350,17.338
25/10/2022,EGBGR04251Z5,546,N,"5,500,000,000","4,555,110,000","610,000",17.360,17.360,17.360
30/04/2024,EGBGR05381Z9,518,R,"5,000,000,000","1,260,100,000","1,000,100,000",25.450,25.450,25.450
23/04/2024,EGBGR05381Z9,525,R,"6,000,000,000","1,313,095,000","1,000,095,000",25.480,25.500,25.490
02/04/2024,EGBGR05381Z9,546,N,"5,000,000,000","3,235,000,000","1,390,000,000",25.000,25.499,25.320
04/06/2024,EGBGR05421Z3,546,N,"4,000,000,000","478,400,000","300,000,000",25.000,25.000,25.000
17/03/2026,EGBGR06721Z5,688,R,"7,000,000,000","3,819,000,000","450,000,000",23.000,23.100,23.050
17/02/2026,EGBGR06721Z5,716,R,"7,000,000,000","7,598,000,000","1,929,000,000",22.300,22.630,22.536
03/02/2026,EGBGR06721Z5,730,N,"5,000,000,000","10,490,000,000","1,100,000,000",22.499,22.749,22.679
