Tenor,Issue Date,Maturity Date,Announced Amount(EGP Mio),Submitted Amount(EGP Mio),Accepted amount(EGP Mio),Fixed Rate (%)
7,22/03/2011,29/03/2011,"3,275","3,937","3,937",9.25
7,29/03/2011,05/04/2011,"6,000","6,897","6,897",9.25
7,05/04/2011,12/04/2011,"6,001","7,128","7,128",9.25
7,12/04/2011,19/04/2011,"3,956","5,186","5,186",9.25
7,19/04/2011,26/04/2011,"8,360","8,494","8,494",9.25
7,26/04/2011,03/05/2011,"6,001","9,067","9,067",9.25
7,03/05/2011,10/05/2011,"9,849","12,167","12,167",9.25
7,10/05/2011,17/05/2011,"4,879","7,390","7,390",9.25
7,17/05/2011,24/05/2011,"8,209","9,836","9,836",9.25
7,24/05/2011,31/05/2011,"6,000","6,477","6,477",9.25
7,31/05/2011,07/06/2011,"7,582","8,152","8,152",9.25
7,07/06/2011,14/06/2011,"5,256","9,696","9,696",9.25
7,14/06/2011,21/06/2011,"9,011","11,915","11,915",9.25
7,21/06/2011,28/06/2011,"6,419","9,410","9,410",9.25
7,28/06/2011,05/07/2011,"16,684","25,445","25,445",9.25
7,05/07/2011,12/07/2011,"1,606","2,332","2,332",9.25
7,12/07/2011,19/07/2011,"6,000","7,670","7,670",9.25
7,26/07/2011,02/08/2011,"3,713","5,299","5,299",9.25
7,02/08/2011,09/08/2011,"1,187","1,385","1,385",9.25
7,09/08/2011,16/08/2011,"8,000","9,834","9,834",9.25
7,16/08/2011,23/08/2011,"2,660","3,357","3,357",9.25
6,23/08/2011,29/08/2011,"8,825","14,302","14,302",9.25
8,29/08/2011,06/09/2011,"6,000","10,354","10,354",9.25
7,06/09/2011,13/09/2011,"10,000","19,464","19,464",9.25
7,13/09/2011,20/09/2011,"8,384","14,717","14,717",9.25
7,20/09/2011,27/09/2011,"9,000","20,792","20,792",9.25
7,27/09/2011,04/10/2011,"1,253","1,442","1,442",9.25
7,04/10/2011,11/10/2011,"2,300","2,559","2,559",9.25
7,11/10/2011,18/10/2011,650,990,990,9.25
7,18/10/2011,25/10/2011,"6,227","10,300","10,300",9.25
7,25/10/2011,01/11/2011,"5,001","9,663","9,663",9.25
8,01/11/2011,09/11/2011,"9,814","11,418","11,418",9.25
6,09/11/2011,15/11/2011,"6,198","6,765","6,765",9.25
7,15/11/2011,22/11/2011,"14,305","17,234","17,234",9.25
7,22/11/2011,29/11/2011,"6,517","7,071","7,071",9.25
7,29/11/2011,06/12/2011,"16,797","20,442","20,442",9.75
7,06/12/2011,13/12/2011,"10,399","17,840","17,840",9.75
7,13/12/2011,20/12/2011,"20,001","26,831","26,831",9.75
7,20/12/2011,27/12/2011,"17,915","23,335","23,335",9.75
7,27/12/2011,03/01/2012,"22,001","31,104","31,104",9.75
7,03/01/2012,10/01/2012,"11,517","15,029","15,029",9.75
7,10/01/2012,17/01/2012,"18,000","22,552","22,552",9.75
7,17/01/2012,24/01/2012,"12,610","18,299","18,299",9.75
7,24/01/2012,31/01/2012,"20,001","25,401","25,401",9.75
7,31/01/2012,07/02/2012,"11,708","17,643","17,643",9.75
7,07/02/2012,14/02/2012,"12,000","16,518","16,518",9.75
7,14/02/2012,21/02/2012,"10,141","12,906","12,906",9.75
7,21/02/2012,28/02/2012,"14,001","18,883","18,883",9.75
7,28/02/2012,06/03/2012,"9,340","15,606","15,606",9.75
7,06/03/2012,13/03/2012,"14,434","16,895","16,895",9.75
7,13/03/2012,20/03/2012,"12,699","20,293","20,293",9.75
7,20/03/2012,27/03/2012,"19,000","25,640","25,640",9.75
7,27/03/2012,03/04/2012,"21,039","24,941","24,941",9.75
7,03/04/2012,10/04/2012,"20,318","26,449","26,449",9.75
7,10/04/2012,17/04/2012,"15,660","18,238","18,238",9.75
7,17/04/2012,24/04/2012,"18,946","23,941","23,941",9.75
8,24/04/2012,02/05/2012,"16,999","18,911","18,911",9.75
6,02/05/2012,08/05/2012,"18,920","24,587","24,587",9.75
7,08/05/2012,15/05/2012,"13,691","18,069","18,069",9.75
7,15/05/2012,22/05/2012,"26,000","33,430","33,430",9.75
7,22/05/2012,29/05/2012,"23,001","29,714","29,714",9.75
7,29/05/2012,05/06/2012,"34,000","45,659","45,659",9.75
7,05/06/2012,12/06/2012,"27,748","34,537","34,537",9.75
7,12/06/2012,19/06/2012,"37,855","47,001","47,001",9.75
7,19/06/2012,26/06/2012,"31,002","41,310","41,310",9.75
7,26/06/2012,03/07/2012,"36,000","43,607","43,607",9.75
7,03/07/2012,10/07/2012,"22,323","26,922","26,922",9.75
7,10/07/2012,17/07/2012,"20,067","28,287","28,287",9.75
7,17/07/2012,24/07/2012,"13,561","20,060","20,060",9.75
7,24/07/2012,31/07/2012,"21,043","33,437","33,437",9.75
7,31/07/2012,07/08/2012,"8,672","12,154","12,154",9.75
7,07/08/2012,14/08/2012,"12,196","18,109","18,109",9.75
7,14/08/2012,21/08/2012,"10,089","15,413","15,413",9.75
7,21/08/2012,28/08/2012,"10,837","17,114","17,114",9.75
7,28/08/2012,04/09/2012,"5,121","8,152","8,152",9.75
7,04/09/2012,11/09/2012,"7,823","11,969","11,969",9.75
7,11/09/2012,18/09/2012,"7,002","10,161","10,161",9.75
7,18/09/2012,25/09/2012,"10,000","11,770","11,770",9.75
7,25/09/2012,02/10/2012,"6,999","8,713","8,713",9.75
7,02/10/2012,09/10/2012,"8,001","10,829","10,829",9.75
7,09/10/2012,16/10/2012,"4,964","7,057","7,057",9.75
7,16/10/2012,23/10/2012,"4,762","6,013","6,013",9.75
7,23/10/2012,30/10/2012,75,724,724,9.25
7,23/10/2012,30/10/2012,"1,703","2,217","2,217",9.75
7,30/10/2012,06/11/2012,"9,596","13,582","13,582",9.75
7,06/11/2012,13/11/2012,"3,853","4,868","4,868",9.75
7,13/11/2012,20/11/2012,"10,001","12,113","12,113",9.75
7,20/11/2012,27/11/2012,"8,998","11,400","11,400",9.75
7,27/11/2012,04/12/2012,"14,232","16,127","16,127",9.75
7,04/12/2012,11/12/2012,"9,337","9,961","9,961",9.75
7,11/12/2012,18/12/2012,"11,000","13,080","13,080",9.75
7,18/12/2012,25/12/2012,"6,998","8,909","8,909",9.75
8,25/12/2012,02/01/2013,"10,183","16,089","16,089",9.75
6,02/01/2013,08/01/2013,"4,000","5,716","5,716",9.75
7,08/01/2013,15/01/2013,"8,000","9,569","9,569",9.75
7,15/01/2013,22/01/2013,"4,651","7,498","7,498",9.75
7,22/01/2013,29/01/2013,"5,998","7,758","7,758",9.75
7,29/01/2013,05/02/2013,34,47,47,9.7
7,29/01/2013,05/02/2013,"4,966","6,924","6,924",9.75
7,05/02/2013,12/02/2013,"6,001","7,836","7,836",9.75
7,12/02/2013,19/02/2013,"2,944","4,685","4,685",9.75
7,19/02/2013,26/02/2013,"2,825","3,798","3,798",9.75
7,26/02/2013,05/03/2013,"2,000","3,063","3,063",9.75
7,05/03/2013,12/03/2013,"3,001","4,110","4,110",9.75
7,12/03/2013,19/03/2013,"2,000","2,446","2,446",9.75
7,19/03/2013,26/03/2013,"2,905","3,170","3,170",9.75
7,26/03/2013,02/04/2013,"2,000","2,878","2,878",10.25
7,11/06/2013,18/06/2013,"5,001","7,226","7,226",10.25
7,18/06/2013,25/06/2013,"8,000","13,230","13,230",10.25
7,25/06/2013,02/07/2013,"15,999","24,459","24,459",10.25
7,02/07/2013,09/07/2013,"14,999","23,689","23,689",10.25
7,09/07/2013,16/07/2013,"18,000","25,699","25,699",10.25
8,16/07/2013,24/07/2013,"10,001","14,457","14,457",10.25
6,24/07/2013,30/07/2013,"8,000","11,683","11,683",10.25
7,30/07/2013,06/08/2013,"3,000","1,374","1,374",10.25
7,31/07/2013,08/06/2013,"1,374,000,000","1,374,000,000","1,374,000,000",10.25
