ISIN,Issue Date,Tenor (Years),Type (New / Reopening),Original Issue Date,Benchmark,Benchmark at issuance (%),Coupon Frequency,Required Amount,Submitted Amount,Accepted Amount,Min. Yield (%),Max. Yield (%),Weighted Avg. Yield (%),Coupon at issuance (%),Spread (%)
EGBGR04551V7,24/01/2023,3,N,24/01/2023,Mid Corridor rate,16.750,4,"1,000,000,000","5,759,000,000","2,150,000,000",21.000,21.500,21.259,21.259,4.509
EGBGR04561V6,28/02/2023,3,R,14/02/2023,Mid Corridor rate,16.750,4,"1,000,000,000","671,000,000","50,000,000",21.800,21.800,21.800,21.602,4.852
EGBGR04561V6,14/02/2023,3,N,14/02/2023,Mid Corridor rate,16.750,4,"1,000,000,000","3,671,000,000","2,300,000,000",21.500,21.700,21.602,21.602,4.852
EGBGR04571V5,28/03/2023,3,R,14/03/2023,Mid Corridor Rate,16.750,4,"1,000,000,000","2,354,000,000","250,000,000",22.100,22.160,22.134,22.000,5.25
EGBGR04571V5,14/03/2023,3,N,14/03/2023,Mid Corridor rate,16.750,4,"1,000,000,000","3,872,000,000","1,000,000,000",22.000,22.000,22.000,22.000,5.25
EGBGR04691V1,25/04/2023,3,N,25/04/2023,Mid Corridor Rate,18.750,4,"1,000,000,000","2,634,000,000","1,188,000,000",24.000,24.160,24.093,24.093,5.343
EGBGR04741V4,23/05/2023,3,N,23/05/2023,Mid Corridor Rate,18.750,4,"1,000,000,000","1,171,000,000","50,000,000",24.150,24.150,24.150,24.150,5.4
EGBGR04651V5,06/06/2023,3,N,06/06/2023,Mid Corridor Rate,18.750,4,"1,000,000,000","791,000,000","50,000,000",24.150,24.150,24.150,24.150,5.4
EGBGR04781V0,05/09/2023,3,R,11/07/2023,Mid Corridor Rate,18.750,4,"750,000,000","809,250,000","100,000,000",25.250,25.250,25.250,24.250,5.5
EGBGR04781V0,22/08/2023,3,R,11/07/2023,Mid Corridor Rate,18.750,4,"750,000,000","757,250,000","250,000,000",25.250,25.250,25.250,24.250,5.5
EGBGR04781V0,08/08/2023,3,R,11/07/2023,Mid Corridor Rate,18.750,4,"750,000,000","1,654,250,000","925,000,000",25.250,25.250,25.250,24.250,5.5
EGBGR04781V0,25/07/2023,3,R,11/07/2023,Mid Corridor Rate,18.750,4,"750,000,000","708,250,000","565,000,000",24.250,24.250,24.250,24.250,5.5
EGBGR04781V0,11/07/2023,3,N,11/07/2023,Mid Corridor Rate,18.750,4,"1,000,000,000","671,000,000","485,000,000",24.250,24.250,24.250,24.250,5.5
EGBGR04861V0,12/12/2023,3,R,03/10/2023,MID Corridor rate,19.750,4,"500,000,000","374,500,000","50,000,000",25.250,25.250,25.250,25.250,5.5
EGBGR04861V0,28/11/2023,3,R,03/10/2023,MID Corridor rate,19.750,4,"750,000,000","554,250,000","60,000,000",25.250,25.250,25.250,25.250,5.5
EGBGR04861V0,03/10/2023,3,N,03/10/2023,Mid Corridor Rate,19.750,4,"750,000,000","689,250,000","145,000,000",25.250,25.250,25.250,25.250,5.5
EGBGR05841V1,24/09/2024,3,R,13/08/2024,MID Corridor Rate,27.7500,4,"2,000,000,000","11,190,550,000","2,000,000,000",34.6000,34.7600,34.7280,35.0553,0.2942
EGBGR05841V1,10/09/2024,3,R,13/08/2024,MID Corridor Rate,27.7500,4,"2,000,000,000","11,295,540,000","2,949,540,000",34.7500,34.9000,34.8567,35.0553,0.2942
EGBGR05841V1,27/08/2024,3,R,13/08/2024,MID Corridor Rate,27.7500,4,"2,000,000,000","9,956,000,000","4,247,000,000",34.9000,35.0000,34.9941,35.0553,0.2942
EGBGR05841V1,13/08/2024,3,N,13/08/2024,MID Corridor Rate,27.750,4,"2,000,000,000","3,659,000,000","380,000,000",35.000,35.188,35.0553,35.0553,0.2942
EGBGR05961V7,31/12/2024,3,R,08/10/2024,MID Corridor Rate,27.7500,4,"1,000,000,000","6,147,500,000","4,000,000,000",34.6700,34.6700,34.6700,34.6621,-0.0203
EGBGR05961V7,24/12/2024,3,R,08/10/2024,MID Corridor Rate,27.7500,4,"1,000,000,000","10,667,500,000","300,000,000",34.8500,34.8900,34.8700,34.6621,-0.0203
EGBGR05961V7,10/12/2024,3,R,08/10/2024,MID Corridor Rate,27.7500,4,"2,000,000,000","9,669,220,000","4,635,220,000",34.5500,35.0500,34.8645,34.6621,-0.0203
EGBGR05961V7,26/11/2024,3,R,08/10/2024,MID Corridor Rate,27.7500,4,"2,000,000,000","4,216,815,000","1,651,815,000",34.5500,34.7000,34.6806,34.6621,-0.02
EGBGR05961V7,12/11/2024,3,R,08/10/2024,MID Corridor Rate,27.7500,4,"2,000,000,000","2,907,600,000","704,600,000",34.5500,34.7000,34.6942,34.6621,-0.0203
EGBGR05961V7,22/10/2024,3,R,08/10/2024,MID Corridor Rate,27.7500,4,"2,000,000,000","3,827,750,000","2,780,750,000",34.5500,34.7000,34.6954,34.6621,-0.0203
EGBGR05961V7,08/10/2024,3,N,08/10/2024,MID Corridor Rate,27.7500,4,"2,000,000,000","11,452,615,000","7,253,115,000",34.5500,34.7000,34.6621,34.6621,-0.0203
EGBGR06131V6,18/02/2025,3,R,14/01/2025,MID Corridor rate,27.7500,4,"2,000,000,000","12,734,810,000","8,047,000,000",34.0000,34.1600,34.0864,34.5061,-0.1451
EGBGR06131V6,04/02/2025,3,R,14/01/2025,MID Corridor rate,27.7500,4,"2,000,000,000","12,007,665,000","6,340,665,000",33.9500,34.2800,34.2200,34.5061,-0.1451
EGBGR06131V6,28/01/2025,3,R,14/01/2025,MID Corridor Rate,27.7500,4,"2,000,000,000","18,504,195,000","13,000,000,000",34.2900,34.3500,34.3130,34.5061,-0.1451
EGBGR06131V6,14/01/2025,3,N,14/01/2025,MID Corridor Rate,27.7500,4,"3,000,000,000","6,678,500,000","3,618,000,000",34.2500,34.6700,34.5061,34.5061,-0.1451
EGBGR06141V5,25/03/2025,3,R,04/03/2025,MID Corridor Rate,27.7500,4,"8,000,000,000","21,835,000,000","10,240,000,000",33.9400,34.1000,34.0641,34.1711,-0.4131
EGBGR06141V5,18/03/2025,3,R,04/03/2025,MID Corridor Rate,27.7500,4,"8,000,000,000","24,441,300,000","11,538,300,000",33.9000,34.1000,34.0738,34.1711,-0.4131
EGBGR06141V5,11/03/2025,3,R,04/03/2025,MID Corridor Rate,27.7500,4,"8,000,000,000","9,838,000,000","2,200,000,000",34.1500,34.3000,34.2511,34.1711,-0.4131
EGBGR06141V5,04/03/2025,3,N,04/03/2025,MID Corridor Rate,27.7500,4,"2,500,000,000","14,344,700,000","11,969,700,000",33.9800,34.3000,34.1711,34.1711,-0.4131
EGBGR06251V2,20/05/2025,3,R,22/04/2025,MID corridor rate,25.5000,4,"6,000,000,000","9,477,200,000","4,228,200,000",31.2400,31.3800,31.3357,31.2824,-0.4741
EGBGR06251V2,06/05/2025,3,R,22/04/2025,MID corridor Rate,25.5000,4,"5,000,000,000","18,787,000,000","17,759,500,000",31.2500,31.3400,31.2944,31.2824,-0.4741
EGBGR06251V2,22/04/2025,3,N,22/04/2025,Mid corridor rate,25.5000,4,"6,000,000,000","39,167,800,000","28,847,800,000",31.2500,31.2875,31.2824,31.2824,-0.4741
EGBGR06291V8,24/06/2025,3,R,27/05/2025,MID Corridor rate,24.5000,4,"6,000,000,000","7,689,000,000","3,000,000,000",30.5100,30.7000,30.5708,30.2475,-0.302
EGBGR06291V8,17/06/2025,3,R,27/05/2025,MID Corridor rate,24.5000,4,"8,000,000,000","7,240,000,000","950,000,000",30.4900,30.5500,30.5052,30.2475,-0.302
EGBGR06291V8,10/06/2025,3,R,27/05/2025,MID Corridor rate,24.5000,4,"6,000,000,000","8,044,000,000","3,500,000,000",30.2200,30.3000,30.2485,30.2475,-0.302
EGBGR06291V8,03/06/2025,3,R,27/05/2025,MID Corridor rate,24.5000,4,"8,000,000,000","11,515,000,000","4,610,000,000",30.1900,30.2500,30.2316,30.2475,-0.302
EGBGR06291V8,27/05/2025,3,N,27/05/2025,MID Corridor rate,24.5000,4,"6,000,000,000","11,290,000,000","6,150,000,000",30.1500,30.2500,30.2475,30.2475,-0.302
EGBGR06401V3,19/08/2025,3,R,08/07/2025,MID Corridor Rate,24.5,4,"5,000,000,000","6,154,000,000","910,000,000",30.85,30.95,30.9109,30.8045,0.1436
EGBGR06401V3,05/08/2025,3,R,08/07/2025,MID Corridor Rate,24.5,4,"5,000,000,000","6,644,000,000","700,000,000",30.92,30.97,30.9528,30.8045,0.1436
EGBGR06401V3,22/07/2025,3,R,08/07/2025,MID Corridor rate,24.5000,4,"5,000,000,000","7,564,000,000","1,625,000,000",30.8600,30.9700,30.9158,30.8045,0.1436
EGBGR06401V3,08/07/2025,3,N,08/07/2025,MID Corridor rate,24.5000,4,"5,000,000,000","13,621,000,000","8,875,000,000",30.5500,30.8750,30.8045,30.8045,0.1436
EGBGR06461V7,30/09/2025,3,R,02/09/2025,MID corridor rate,22.5,4,"4,000,000,000","10,733,000,000","3,270,000,000",28.44,28.45,28.4454,28.4333,0.24664
EGBGR06461V7,23/09/2025,3,R,02/09/2025,Mid corridor rate,22.5,4,"5,000,000,000","8,725,000,000","44,000,000",28.45,28.45,28.45,28.4333,0.24664
EGBGR06461V7,16/09/2025,3,R,02/09/2025,MID corridor rate,22.5,4,"5,000,000,000","14,186,000,000","10,500,000,000",28.41,28.45,28.4421,28.4333,0.24664
EGBGR06461V7,09/09/2025,3,R,02/09/2025,MID corridor rate,22.5,4,"4,000,000,000","5,028,000,000","1,915,000,000",28.38,28.45,28.4285,28.4333,0.24664
EGBGR06461V7,02/09/2025,3,N,02/09/2025,MID corridor rate,22.5,4,"5,000,000,000","4,973,500,000","1,125,000,000",28.4,28.45,28.4333,28.4333,0.24664
EGBGR06521V8,11/11/2025,3,R,07/10/2025,Mid Corridor rate,21.5,4,"6,000,000,000","5,562,000,000","888,000,000",27.25,27.37,27.3307,27.1983,0.2586
EGBGR06521V8,21/10/2025,3,R,07/10/2025,Mid Corridor rate,21.5,4,"5,000,000,000","9,300,250,000","5,130,000,000",27.25,27.375,27.3718,27.1983,0.2586
EGBGR06521V8,14/10/2025,3,R,07/10/2025,Mid Corridor rate,21.5,4,"5,000,000,000","6,171,000,000","3,700,000,000",27.25,27.25,27.25,27.1983,0.2586
EGBGR06521V8,07/10/2025,3,N,07/10/2025,Mid Corridor rate,21.5,4,"5,000,000,000","11,429,000,000","4,758,000,000",27.1,27.25,27.1983,27.1983,0.2586
EGBGR06601V8,23/12/2025,3,R,25/11/2025,Mid Corridor rate,21.5,4,"5,000,000,000","5,456,000,000","1,480,000,000",27.3,27.375,27.3266,27.3750,0.4
EGBGR06601V8,09/12/2025,3,R,25/11/2025,MID Corridor rate,21.5,4,"4,000,000,000","2,367,000,000","360,000,000",27.374,27.375,27.3744,27.3750,0.4
EGBGR06601V8,02/12/2025,3,R,25/11/2025,MID Corridor rate,21.5,4,"5,000,000,000","5,486,000,000","3,000,000,000",27.375,27.375,27.375,27.3750,0.4
EGBGR06601V8,25/11/2025,3,N,25/11/2025,Mid Corridor rate,21.5,4,"5,000,000,000","6,881,000,000","3,000,000,000",27.375,27.375,27.375,27.3750,0.4
EGBGR06681V0,20/01/2026,3,R,06/01/2026,MID Corridor rate,20.5,4,"5,000,000,000","2,661,000,000","175,000,000",26.05,26.06,26.055,26.075,0.36
EGBGR06681V0,06/01/2026,3,N,06/01/2026,Mid Corridor rate,20.5,4,"4,000,000,000","2,126,500,000","123,500,000",26.075,26.075,26.075,26.0750,0.36
EGBGR05151V5,13/02/2024,5,R,16/01/2024,MID Corridor rate,19.750,4,"1,000,000,000","4,903,000,000","100,000,000",27.500,27.500,27.500,27.000,7.25
EGBGR05151V5,30/01/2024,5,R,16/01/2024,MID Corridor rate,19.750,4,"1,000,000,000","2,538,000,000","1,000,000,000",27.500,27.500,27.500,27.000,7.25
EGBGR05151V5,16/01/2024,5,N,16/01/2024,MID Corridor rate,19.750,4,"750,000,000","2,042,250,000","500,000,000",27.000,27.000,27.000,27.000,7.25
EGBGR05231V5,05/03/2024,5,R,20/02/2024,MID Corridor Rate,21.750,4,"2,000,000,000","6,606,000,000","5,650,000,000",30.000,30.000,30.000,30.000,8.25
EGBGR06961V6,09/06/2026,3,R,21/04/2026,Mid Corridor rate,19.5,4,"5,000,000,000","2,289,750,000","308,750,000",24.7,24.7,24.7,24.9458,0.45664
EGBGR06961V6,12/05/2026,3,R,21/04/2026,MID Corridor rate,19.5,4,"3,000,000,000","2,325,645,000","712,645,000",24.75,25,24.9983,24.9458,0.45664
EGBGR06961V6,21/04/2026,3,N,21/04/2026,MID Corridor Rate,19.5,4,"3,000,000,000","3,483,000,000","1,385,000,000",24.9,25,24.9458,24.9458,0.45664
EGBGR05831V2,17/09/2024,5,R,06/08/2024,MID Corridor Rate,27.7500,4,"250,000,000","4,172,100,000","1,638,100,000",34.7000,35.0000,34.9719,35.0995,0.3296
EGBGR05831V2,03/09/2024,5,R,06/08/2024,MID Corridor rate,27.7500,4,"250,000,000","10,187,500,000","2,065,000,000",34.8000,35.1000,35.0656,35.0995,0.3296
EGBGR05831V2,20/08/2024,5,R,06/08/2024,MID Corridor Rate,27.7500,4,"250,000,000","5,212,250,000","3,000,000,000",35.2500,35.2500,35.2500,35.0995,0.3296
EGBGR05831V2,06/08/2024,5,N,06/08/2024,MID Corridor Rate,27.750,4,"250,000,000","1,204,250,000","1,105,000,000",31.250,35.500,35.0995,35.0995,0.3296
EGBGR05951V8,31/12/2024,5,R,01/10/2024,MID Corridor Rate,27.7500,4,"500,000,000","1,786,750,000","600,000,000",34.5000,34.7000,34.6666,34.8280,0.11
EGBGR05951V8,03/12/2024,5,R,01/10/2024,MID Corridor Rate,27.7500,4,"2,000,000,000","1,792,760,000","148,760,000",34.6500,34.8500,34.6621,34.8280,0.1124
EGBGR05951V8,05/11/2024,5,R,01/10/2024,MID Corridor Rate,27.7500,4,"2,000,000,000","2,229,195,000","1,036,195,000",34.7500,34.8600,34.8561,34.8280,0.1124
EGBGR05951V8,15/10/2024,5,R,01/10/2024,MID Corridor Rate,27.7500,4,"2,000,000,000","3,637,450,000","1,790,450,000",34.7000,34.8600,34.8312,34.8280,0.1124
EGBGR05951V8,01/10/2024,5,N,01/10/2024,MID Corridor Rate,27.7500,4,"2,000,000,000","5,579,000,000","1,332,000,000",34.8000,34.8600,34.8280,34.8280,0.1124
EGBGR06151V4,25/03/2025,5,R,07/01/2025,MID Corridor Rate,27.7500,4,"2,000,000,000","4,386,170,000","2,034,170,000",34.5000,34.6400,34.5695,34.6816,-0.0047
EGBGR06151V4,18/03/2025,5,R,07/01/2025,MID Corridor Rate,27.7500,4,"1,500,000,000","5,582,380,000","2,631,380,000",34.4000,34.6000,34.5940,34.6816,-0.0047
EGBGR06151V4,11/03/2025,5,R,07/01/2025,MID Corridor Rate,27.7500,4,"2,000,000,000","3,539,125,000","1,115,125,000",34.4400,34.6400,34.5904,34.6816,-0.0047
EGBGR06151V4,25/02/2025,5,R,07/01/2025,MID Corridor Rate,27.7500,4,"1,500,000,000","3,604,510,000","1,267,510,000",34.4000,34.6500,34.5534,34.6816,-0.0047
EGBGR06151V4,04/02/2025,5,R,07/01/2025,MID Corridor rate,27.7500,4,"1,500,000,000","3,892,950,000","1,586,950,000",34.2500,34.6500,34.5196,34.6816,-0.0047
EGBGR06151V4,21/01/2025,5,R,07/01/2025,MID Corridor Rate,27.7500,4,"1,500,000,000","8,453,775,000","1,500,000,000",34.3000,34.6825,34.5956,34.6816,-0.0047
EGBGR06151V4,07/01/2025,5,N,07/01/2025,MID Corridor Rate,27.7500,4,"1,500,000,000","1,495,255,000","529,255,000",34.3000,34.7000,34.6816,34.6816,-0.0047
EGBGR06241V3,01/04/2025,5,N,01/04/2025,MID Corridor rate,27.7500,4,"1,500,000,000","4,180,250,000","810,000,000",34.4000,34.6400,34.5918,34.5918,-0.0766
EGBGR06261V1,13/05/2025,5,R,29/04/2025,MID Corridor rate,25.5000,4,"1,500,000,000","1,901,840,000","341,840,000",31.6900,31.8750,31.8433,31.7102,-0.13184
EGBGR06261V1,29/04/2025,5,N,29/04/2025,MID Corridor Rate,25.5000,4,"1,500,000,000","3,530,250,000","2,508,000,000",31.3500,31.8275,31.7102,31.7102,-0.13184
EGBGR06341V1,24/06/2025,5,R,10/06/2025,MID Corridor rate,24.5000,4,"1,500,000,000","2,711,740,000","650,000,000",31.2500,31.2500,31.2500,30.9971,0.29768
EGBGR06341V1,10/06/2025,5,N,10/06/2025,MID Corridor rate,24.5000,4,"1,500,000,000","1,485,000,000","840,000,000",30.6250,31.2500,30.9971,30.9971,0.29768
EGBGR06361V9,26/08/2025,5,R,01/07/2025,MID Corridor rate,24.5,4,"1,500,000,000","5,418,075,000","2,025,825,000",30.99,31.2,31.1731,31.2376,0.4901
EGBGR06361V9,12/08/2025,5,R,01/07/2025,MID Corridor rate,24.5,4,"1,500,000,000","3,107,600,000","2,021,600,000",31.1,31.25,31.2398,31.2376,0.4901
EGBGR06361V9,29/07/2025,5,R,01/07/2025,MID Corridor rate,24.5000,4,"1,500,000,000","1,886,000,000","850,000,000",31.1000,31.2500,31.2229,31.2376,0.4901
EGBGR06361V9,15/07/2025,5,R,01/07/2025,MID Corridor rate,24.5000,4,"1,500,000,000","5,167,000,000","3,631,000,000",31.1000,31.2500,31.2355,31.2376,0.4901
EGBGR06361V9,01/07/2025,5,N,01/07/2025,MID Corridor rate,24.5000,4,"500,000,000","1,598,430,000","921,430,000",31.2000,31.2500,31.2376,31.2376,0.4901
EGBGR06471V6,23/09/2025,5,R,09/09/2025,Mid Corridor rate,22.5,4,"1,500,000,000","4,927,000,000","4,200,000,000",28.73,28.75,28.7471,28.7250,0.48
EGBGR06471V6,09/09/2025,5,N,09/09/2025,MID Corridor rate,22.5,4,"1,500,000,000","1,167,000,000","400,000,000",28.7,28.75,28.725,28.7250,0.48
EGBGR06531V7,18/11/2025,5,R,07/10/2025,Mid Corridor rate,21.5,4,"4,000,000,000","2,033,750,000","1,347,750,000",27.4,28,27.9797,27.4956,0.4965
EGBGR06531V7,04/11/2025,5,R,07/10/2025,Mid Corridor rate,21.5,4,"5,000,000,000","4,491,040,000","810,040,000",27.48,27.53,27.5267,27.4956,0.4965
EGBGR06531V7,28/10/2025,5,R,07/10/2025,Mid Corridor rate,21.5,4,"5,000,000,000","4,191,000,000","520,000,000",27.53,27.53,27.53,27.4956,0.4965
EGBGR06531V7,21/10/2025,5,R,07/10/2025,Mid Corridor rate,21.5,4,"4,000,000,000","4,077,300,000","944,900,000",27.48,27.53,27.5276,27.4956,0.4965
EGBGR06531V7,07/10/2025,5,N,07/10/2025,Mid Corridor rate,21.5,4,"4,000,000,000","6,283,000,000","3,300,000,000",27.45,27.53,27.4956,27.4956,0.4965
EGBGR06631V5,23/12/2025,5,R,02/12/2025,Mid Corridor rate,21.5,4,"3,000,000,000","9,077,960,000","7,584,960,000",27.8,28,27.9971,27.9929,0.8943
EGBGR06631V5,09/12/2025,5,R,02/12/2025,MID Corridor rate,21.5,4,"3,000,000,000","7,450,300,000","5,917,300,000",27.98,28,27.9981,27.9929,0.8943
EGBGR06631V5,02/12/2025,5,N,02/12/2025,MID Corridor rate,21.5,4,"4,000,000,000","6,157,000,000","3,400,000,000",27.94,28,27.9929,27.9929,0.8943
EGBGR06701V6,10/02/2026,5,R,13/01/2026,MID Corridor Rate,20.5,4,"2,000,000,000","5,940,650,000","5,116,650,000",26.7,26.75,26.7488,26.7260,0.8808
EGBGR06701V6,13/01/2026,5,N,13/01/2026,Mid Corridor rate,20.5,4,"4,000,000,000","2,484,200,000","477,200,000",26.7,26.75,26.726,26.7260,0.8808
EGBGR06761V0,31/03/2026,5,R,24/02/2026,MID Corridor Rate,19.5,4,"2,000,000,000","1,133,390,000","60,390,000",25.5,25.53,25.5203,25.5375,0.93
EGBGR06761V0,17/03/2026,5,R,24/02/2026,MID Corridor Rate,19.5,4,"2,000,000,000","1,553,500,000","579,500,000",25.53,25.6,25.5907,25.5375,0.93
EGBGR06761V0,24/02/2026,5,N,24/02/2026,MID Corridor Rate,19.5,4,"2,000,000,000","2,006,600,000","1,001,600,000",25.5,25.6,25.5375,25.5375,0.93
EGBGR07091V1,28/07/2026,5,R,14/07/2026,MID Corridor Rate,19.5,4,"1,000,000,000","2,580,000,000","500,000,000",25.53,25.53,25.53,24.9000,0.42
EGBGR07091V1,14/07/2026,5,N,14/07/2026,MID Corridor rate,19.5,4,"1,500,000,000","4,667,000,000","1,000,000,000",24.9,24.9,24.9,24.9,0.42
EGBGR07011V9,30/06/2026,10,R,16/06/2026,MID Corridor rate,19.5,4,"25,000,000,000","83,248,407,000","73,360,407,000",25.1,25.1,25.1,25.1000,0.58
EGBGR07011V9,23/06/2026,10,R,16/06/2026,MID Corridor rate,19.5,4,"15,000,000,000","19,144,888,000","12,497,888,000",25.1,25.1,25.1,25.1000,0.58
EGBGR07011V9,16/06/2026,10,N,16/06/2026,Mid Corridor rate,19.5,4,"15,000,000,000","19,391,264,000","13,459,264,000",25.1,25.1,25.1,25.1000,0.58
